-- MySQL dump 10.13  Distrib 8.0.13, for Linux (x86_64)
--
-- Host: localhost    Database: lzielins
-- ------------------------------------------------------
-- Server version	8.0.13

/*!40101 SET @OLD_CHARACTER_SET_CLIENT=@@CHARACTER_SET_CLIENT */;
/*!40101 SET @OLD_CHARACTER_SET_RESULTS=@@CHARACTER_SET_RESULTS */;
/*!40101 SET @OLD_COLLATION_CONNECTION=@@COLLATION_CONNECTION */;
 SET NAMES utf8mb4 ;
/*!40103 SET @OLD_TIME_ZONE=@@TIME_ZONE */;
/*!40103 SET TIME_ZONE='+00:00' */;
/*!40014 SET @OLD_UNIQUE_CHECKS=@@UNIQUE_CHECKS, UNIQUE_CHECKS=0 */;
/*!40014 SET @OLD_FOREIGN_KEY_CHECKS=@@FOREIGN_KEY_CHECKS, FOREIGN_KEY_CHECKS=0 */;
/*!40101 SET @OLD_SQL_MODE=@@SQL_MODE, SQL_MODE='NO_AUTO_VALUE_ON_ZERO' */;
/*!40111 SET @OLD_SQL_NOTES=@@SQL_NOTES, SQL_NOTES=0 */;

--
-- Table structure for table `QUESTIONNAIRE_ANSWERS`
--

DROP TABLE IF EXISTS `QUESTIONNAIRE_ANSWERS`;
/*!40101 SET @saved_cs_client     = @@character_set_client */;
 SET character_set_client = utf8mb4 ;
CREATE TABLE `QUESTIONNAIRE_ANSWERS` (
  `ID` int(11) NOT NULL AUTO_INCREMENT,
  `USER_ID` int(11) NOT NULL,
  `TEST_ID` int(11) NOT NULL,
  `TEST_NUMBER` int(11) NOT NULL,
  `QUESTION_ID` int(11) NOT NULL,
  `ANSWER` text CHARACTER SET utf8 COLLATE utf8_unicode_ci NOT NULL,
  PRIMARY KEY (`ID`)
) ENGINE=InnoDB AUTO_INCREMENT=417 DEFAULT CHARSET=latin1;
/*!40101 SET character_set_client = @saved_cs_client */;

--
-- Dumping data for table `QUESTIONNAIRE_ANSWERS`
--

LOCK TABLES `QUESTIONNAIRE_ANSWERS` WRITE;
/*!40000 ALTER TABLE `QUESTIONNAIRE_ANSWERS` DISABLE KEYS */;
INSERT INTO `QUESTIONNAIRE_ANSWERS` VALUES (2,73,77,1,2,'4'),(3,73,77,1,3,'2'),(4,73,77,1,4,'1'),(5,73,77,1,5,'6'),(6,73,77,1,6,'7'),(7,73,77,1,7,'5'),(8,73,77,1,8,'5'),(9,73,77,1,9,'7'),(10,73,77,1,10,'1'),(11,73,77,1,11,'1'),(12,73,77,1,12,'5'),(13,73,77,1,13,'3'),(14,73,77,1,14,'7'),(15,73,77,1,15,'7'),(16,73,77,1,16,'2'),(17,73,77,1,17,'1'),(18,73,77,1,18,'7'),(19,2,87,1,0,''),(20,2,87,1,0,'3'),(21,2,87,1,0,'4'),(22,2,87,1,0,'2'),(23,3,87,1,0,'4'),(24,3,87,1,0,'3'),(25,3,87,1,0,'5'),(26,5,87,1,3,'2'),(27,5,87,1,4,'4'),(28,5,87,1,5,'4'),(29,44,87,1,3,'4'),(30,44,87,1,4,'3'),(31,44,87,1,5,'2'),(32,44,87,1,6,'5'),(33,45,87,1,3,'1'),(34,45,87,1,4,'1'),(35,45,87,1,5,'1'),(36,45,87,1,6,'1'),(37,5001,86,1,3,'2'),(38,5001,86,1,4,'1'),(39,5001,86,1,5,'4'),(40,5001,86,1,6,'5'),(41,5002,86,1,3,'2'),(42,5002,86,1,4,'4'),(43,5002,86,1,5,'3'),(44,5002,86,1,6,'5'),(45,6201,86,1,3,'4'),(46,6201,86,1,4,'4'),(47,6201,86,1,5,'4'),(48,6201,86,1,6,'4'),(49,5401,86,1,3,'4'),(50,5401,86,1,4,'4'),(51,5401,86,1,5,'3'),(52,5401,86,1,6,'5'),(53,6202,86,1,3,'4'),(54,6202,86,1,4,'4'),(55,6202,86,1,5,'2'),(56,6202,86,1,6,'5'),(57,5801,86,1,3,'4'),(58,5801,86,1,4,'4'),(59,5801,86,1,5,'4'),(60,5801,86,1,6,'5'),(61,5101,86,1,3,'3'),(62,5101,86,1,4,'5'),(63,5101,86,1,5,'4'),(64,5101,86,1,6,'2'),(65,6203,86,1,3,'4'),(66,6203,86,1,4,'5'),(67,6203,86,1,5,'1'),(68,6203,86,1,6,'5'),(69,5802,86,1,3,'4'),(70,5802,86,1,4,'5'),(71,5802,86,1,5,'2'),(72,5802,86,1,6,'5'),(73,5003,86,1,3,'3'),(74,5003,86,1,4,'4'),(75,5003,86,1,5,'5'),(76,5003,86,1,6,'5'),(77,5601,86,1,3,'5'),(78,5601,86,1,4,'5'),(79,5601,86,1,5,'5'),(80,5601,86,1,6,'2'),(81,5402,86,1,3,'4'),(82,5402,86,1,4,'4'),(83,5402,86,1,5,'3'),(84,5402,86,1,6,'5'),(85,6204,86,1,3,'4'),(86,6204,86,1,4,'4'),(87,6204,86,1,5,'1'),(88,6204,86,1,6,'5'),(89,5403,86,1,3,'4'),(90,5403,86,1,4,'5'),(91,5403,86,1,5,'3'),(92,5403,86,1,6,'5'),(93,5901,86,1,3,'4'),(94,5901,86,1,4,'1'),(95,5901,86,1,5,'5'),(96,5901,86,1,6,'5'),(97,5302,86,1,3,'4'),(98,5302,86,1,4,'5'),(99,5302,86,1,5,'3'),(100,5302,86,1,6,'5'),(101,5304,86,1,3,'5'),(102,5304,86,1,4,'2'),(103,5304,86,1,5,'5'),(104,5304,86,1,6,'5'),(105,5803,86,1,3,'4'),(106,5803,86,1,4,'4'),(107,5803,86,1,5,'4'),(108,5803,86,1,6,'1'),(109,5804,86,1,3,'4'),(110,5804,86,1,4,'5'),(111,5804,86,1,5,'2'),(112,5804,86,1,6,'3'),(113,5404,86,1,3,'4'),(114,5404,86,1,4,'3'),(115,5404,86,1,5,'2'),(116,5404,86,1,6,'5'),(117,5805,86,1,3,'4'),(118,5805,86,1,4,'4'),(119,5805,86,1,5,'4'),(120,5805,86,1,6,'5'),(121,5102,86,1,3,'3'),(122,5102,86,1,4,'4'),(123,5102,86,1,5,'3'),(124,5102,86,1,6,'5'),(125,6205,86,1,3,'5'),(126,6205,86,1,4,'4'),(127,6205,86,1,5,'1'),(128,6205,86,1,6,'5'),(129,5405,86,1,3,'4'),(130,5405,86,1,4,'4'),(131,5405,86,1,5,'2'),(132,5405,86,1,6,'5'),(133,5406,86,1,3,'4'),(134,5406,86,1,4,'4'),(135,5406,86,1,5,'2'),(136,5406,86,1,6,'5'),(137,5407,86,1,3,'4'),(138,5407,86,1,4,'4'),(139,5407,86,1,5,'2'),(140,5407,86,1,6,'5'),(141,5408,86,1,3,'4'),(142,5408,86,1,4,'5'),(143,5408,86,1,5,'2'),(144,5408,86,1,6,'5'),(145,5004,86,1,3,'1'),(146,5004,86,1,4,'1'),(147,5004,86,1,5,'4'),(148,5004,86,1,6,'5'),(149,6206,86,1,3,'4'),(150,6206,86,1,4,'4'),(151,6206,86,1,5,'2'),(152,6206,86,1,6,'5'),(153,6002,86,1,3,'4'),(154,6002,86,1,4,'4'),(155,6002,86,1,5,'5'),(156,6002,86,1,6,'2'),(157,6004,86,1,3,'4'),(158,6004,86,1,4,'5'),(159,6004,86,1,5,'4'),(160,6004,86,1,6,'2'),(161,5409,86,1,3,'4'),(162,5409,86,1,4,'4'),(163,5409,86,1,5,'2'),(164,5409,86,1,6,'5'),(165,5103,86,1,3,'4'),(166,5103,86,1,4,'4'),(167,5103,86,1,5,'3'),(168,5103,86,1,6,'5'),(169,5410,86,1,3,'4'),(170,5410,86,1,4,'5'),(171,5410,86,1,5,'2'),(172,5410,86,1,6,'5'),(173,5602,86,1,3,'4'),(174,5602,86,1,4,'5'),(175,5602,86,1,5,'1'),(176,5602,86,1,6,'2'),(177,5603,86,1,3,'4'),(178,5603,86,1,4,'5'),(179,5603,86,1,5,'1'),(180,5603,86,1,6,'2'),(181,5604,86,1,3,'4'),(182,5604,86,1,4,'5'),(183,5604,86,1,5,'1'),(184,5604,86,1,6,'2'),(185,5605,86,1,3,'4'),(186,5605,86,1,4,'5'),(187,5605,86,1,5,'1'),(188,5605,86,1,6,'2'),(189,5606,86,1,3,'4'),(190,5606,86,1,4,'5'),(191,5606,86,1,5,'1'),(192,5606,86,1,6,'2'),(193,5607,86,1,3,'4'),(194,5607,86,1,4,'5'),(195,5607,86,1,5,'1'),(196,5607,86,1,6,'2'),(197,5608,86,1,3,'4'),(198,5608,86,1,4,'5'),(199,5608,86,1,5,'1'),(200,5608,86,1,6,'2'),(201,5609,86,1,3,'4'),(202,5609,86,1,4,'5'),(203,5609,86,1,5,'1'),(204,5609,86,1,6,'2'),(205,5610,86,1,3,'4'),(206,5610,86,1,4,'5'),(207,5610,86,1,5,'1'),(208,5610,86,1,6,'2'),(209,5806,86,1,3,'4'),(210,5806,86,1,4,'5'),(211,5806,86,1,5,'4'),(212,5806,86,1,6,'3'),(213,5104,86,1,3,'2'),(214,5104,86,1,4,'2'),(215,5104,86,1,5,'4'),(216,5104,86,1,6,'5'),(217,6210,86,1,3,'4'),(218,6210,86,1,4,'4'),(219,6210,86,1,5,'2'),(220,6210,86,1,6,'5'),(221,5807,86,1,3,'4'),(222,5807,86,1,4,'4'),(223,5807,86,1,5,'4'),(224,5807,86,1,6,'5'),(225,6209,86,1,3,'4'),(226,6209,86,1,4,'4'),(227,6209,86,1,5,'2'),(228,6209,86,1,6,'5'),(229,6208,86,1,3,'4'),(230,6208,86,1,4,'4'),(231,6208,86,1,5,'2'),(232,6208,86,1,6,'5'),(233,6005,86,1,3,'4'),(234,6005,86,1,4,'5'),(235,6005,86,1,5,'2'),(236,6005,86,1,6,'2'),(237,6101,86,1,3,'4'),(238,6101,86,1,4,'5'),(239,6101,86,1,5,'2'),(240,6101,86,1,6,'5'),(241,5105,86,1,3,'4'),(242,5105,86,1,4,'2'),(243,5105,86,1,5,'2'),(244,5105,86,1,6,'2'),(245,6102,86,1,3,'4'),(246,6102,86,1,4,'5'),(247,6102,86,1,5,'2'),(248,6102,86,1,6,'5'),(249,5902,86,1,3,'4'),(250,5902,86,1,4,'2'),(251,5902,86,1,5,'5'),(252,5902,86,1,6,'5'),(253,6104,86,1,3,'4'),(254,6104,86,1,4,'4'),(255,6104,86,1,5,'3'),(256,6104,86,1,6,'3'),(257,6106,86,1,3,'4'),(258,6106,86,1,4,'4'),(259,6106,86,1,5,'2'),(260,6106,86,1,6,'5'),(261,6107,86,1,3,'4'),(262,6107,86,1,4,'4'),(263,6107,86,1,5,'2'),(264,6107,86,1,6,'3'),(265,5106,86,1,3,'2'),(266,5106,86,1,4,'2'),(267,5106,86,1,5,'4'),(268,5106,86,1,6,'5'),(269,6108,86,1,3,'4'),(270,6108,86,1,4,'4'),(271,6108,86,1,5,'2'),(272,6108,86,1,6,'5'),(273,6109,86,1,3,'4'),(274,6109,86,1,4,'4'),(275,6109,86,1,5,'2'),(276,6109,86,1,6,'5'),(277,6110,86,1,3,'4'),(278,6110,86,1,4,'4'),(279,6110,86,1,5,'2'),(280,6110,86,1,6,'5'),(281,5808,86,1,3,'4'),(282,5808,86,1,4,'4'),(283,5808,86,1,5,'2'),(284,5808,86,1,6,'5'),(285,5107,86,1,3,'4'),(286,5107,86,1,4,'4'),(287,5107,86,1,5,'2'),(288,5107,86,1,6,'5'),(289,5809,86,1,3,'4'),(290,5809,86,1,4,'5'),(291,5809,86,1,5,'4'),(292,5809,86,1,6,'5'),(293,6501,86,1,3,'4'),(294,6501,86,1,4,'4'),(295,6501,86,1,5,'2'),(296,6501,86,1,6,'3'),(297,6502,86,1,3,'3'),(298,6502,86,1,4,'4'),(299,6502,86,1,5,'2'),(300,6502,86,1,6,'3'),(301,5108,86,1,3,'5'),(302,5108,86,1,4,'5'),(303,5108,86,1,5,'1'),(304,5108,86,1,6,'5'),(305,5810,86,1,3,'4'),(306,5810,86,1,4,'4'),(307,5810,86,1,5,'1'),(308,5810,86,1,6,'5'),(309,6503,86,1,3,'4'),(310,6503,86,1,4,'4'),(311,6503,86,1,5,'2'),(312,6503,86,1,6,'3'),(313,5017,86,1,3,'3'),(314,5017,86,1,4,'2'),(315,5017,86,1,5,'5'),(316,5017,86,1,6,'2'),(317,6504,86,1,3,'4'),(318,6504,86,1,4,'4'),(319,6504,86,1,5,'2'),(320,6504,86,1,6,'3'),(321,5109,86,1,3,'4'),(322,5109,86,1,4,'4'),(323,5109,86,1,5,'2'),(324,5109,86,1,6,'2'),(325,5110,86,1,3,'3'),(326,5110,86,1,4,'1'),(327,5110,86,1,5,'4'),(328,5110,86,1,6,'2'),(329,5005,86,1,3,'2'),(330,5005,86,1,4,'4'),(331,5005,86,1,5,'5'),(332,5005,86,1,6,'5'),(333,5306,86,1,3,'4'),(334,5306,86,1,4,'3'),(335,5306,86,1,5,'5'),(336,5306,86,1,6,'5'),(337,6505,86,1,3,'4'),(338,6505,86,1,4,'4'),(339,6505,86,1,5,'2'),(340,6505,86,1,6,'3'),(341,6506,86,1,3,'4'),(342,6506,86,1,4,'4'),(343,6506,86,1,5,'2'),(344,6506,86,1,6,'3'),(345,6507,86,1,3,'4'),(346,6507,86,1,4,'2'),(347,6507,86,1,5,'2'),(348,6507,86,1,6,'3'),(349,5307,86,1,3,'4'),(350,5307,86,1,4,'2'),(351,5307,86,1,5,'5'),(352,5307,86,1,6,'5'),(353,5701,86,1,3,'4'),(354,5701,86,1,4,'4'),(355,5701,86,1,5,'2'),(356,5701,86,1,6,'2'),(357,6508,86,1,3,'4'),(358,6508,86,1,4,'4'),(359,6508,86,1,5,'2'),(360,6508,86,1,6,'3'),(361,6111,86,1,3,'4'),(362,6111,86,1,4,'4'),(363,6111,86,1,5,'2'),(364,6111,86,1,6,'5'),(365,6006,86,1,3,'4'),(366,6006,86,1,4,'4'),(367,6006,86,1,5,'2'),(368,6006,86,1,6,'3'),(369,6007,86,1,3,'4'),(370,6007,86,1,4,'3'),(371,6007,86,1,5,'4'),(372,6007,86,1,6,'3'),(373,6008,86,1,3,'4'),(374,6008,86,1,4,'3'),(375,6008,86,1,5,'4'),(376,6008,86,1,6,'3'),(377,5008,86,1,3,'2'),(378,5008,86,1,4,'2'),(379,5008,86,1,5,'4'),(380,5008,86,1,6,'5'),(381,6509,86,1,3,'4'),(382,6509,86,1,4,'4'),(383,6509,86,1,5,'2'),(384,6509,86,1,6,'3'),(385,5009,86,1,3,'2'),(386,5009,86,1,4,'4'),(387,5009,86,1,5,'2'),(388,5009,86,1,6,'5'),(389,5011,86,1,3,'1'),(390,5011,86,1,4,'1'),(391,5011,86,1,5,'5'),(392,5011,86,1,6,'5'),(393,5010,86,1,3,'2'),(394,5010,86,1,4,'2'),(395,5010,86,1,5,'5'),(396,5010,86,1,6,'5'),(397,5012,86,1,3,'3'),(398,5012,86,1,4,'4'),(399,5012,86,1,5,'3'),(400,5012,86,1,6,'5'),(401,6009,86,1,3,'4'),(402,6009,86,1,4,'4'),(403,6009,86,1,5,'3'),(404,6009,86,1,6,'3'),(405,6010,86,1,3,'5'),(406,6010,86,1,4,'2'),(407,6010,86,1,5,'3'),(408,6010,86,1,6,'3'),(409,6011,86,1,3,'4'),(410,6011,86,1,4,'2'),(411,6011,86,1,5,'2'),(412,6011,86,1,6,'3'),(413,6012,86,1,3,'4'),(414,6012,86,1,4,'4'),(415,6012,86,1,5,'4'),(416,6012,86,1,6,'3');
/*!40000 ALTER TABLE `QUESTIONNAIRE_ANSWERS` ENABLE KEYS */;
UNLOCK TABLES;

--
-- Table structure for table `QUESTIONS`
--

DROP TABLE IF EXISTS `QUESTIONS`;
/*!40101 SET @saved_cs_client     = @@character_set_client */;
 SET character_set_client = utf8mb4 ;
CREATE TABLE `QUESTIONS` (
  `ID` int(11) NOT NULL AUTO_INCREMENT,
  `POST_ID` text NOT NULL,
  `QUESTION` text CHARACTER SET utf8 COLLATE utf8_unicode_ci NOT NULL,
  `TYPE` text NOT NULL,
  `ANSWERS` text CHARACTER SET utf8 COLLATE utf8_unicode_ci NOT NULL,
  `ANSWERS_ID` text NOT NULL,
  `ACTIVE` tinyint(1) NOT NULL,
  PRIMARY KEY (`ID`)
) ENGINE=InnoDB AUTO_INCREMENT=7 DEFAULT CHARSET=utf8mb4 COLLATE=utf8mb4_0900_ai_ci;
/*!40101 SET character_set_client = @saved_cs_client */;

--
-- Dumping data for table `QUESTIONS`
--

LOCK TABLES `QUESTIONS` WRITE;
/*!40000 ALTER TABLE `QUESTIONS` DISABLE KEYS */;
INSERT INTO `QUESTIONS` VALUES (3,'confidence','Ocena sekwencji była łatwa','radio','Zdecydowanie tak; Raczej tak; Trudno powiedzieć; Raczej nie; Zdecydowanie nie','5;4;3;2;1',1),(4,'focus','Byłem skupiony/skupiona na teście przez cały czas','radio','Zdecydowanie tak; Raczej tak; Trudno powiedzieć; Raczej nie; Zdecydowanie nie','5;4;3;2;1',1),(5,'tiredness','Jestem zmęczony/zmęczona wykonywaniem tego testu','radio','Zdecydowanie tak; Raczej tak; Trudno powiedzieć; Raczej nie; Zdecydowanie nie','5;4;3;2;1',1),(6,'where','Test został przeprowadzony na:','radio','Monitor w pacy; Laptop w pracy; Monitor w domu; Lapotp w domu; Inne','5;4;3;2;1',1);
/*!40000 ALTER TABLE `QUESTIONS` ENABLE KEYS */;
UNLOCK TABLES;

--
-- Table structure for table `RESULTS`
--

DROP TABLE IF EXISTS `RESULTS`;
/*!40101 SET @saved_cs_client     = @@character_set_client */;
 SET character_set_client = utf8mb4 ;
CREATE TABLE `RESULTS` (
  `ID` int(25) NOT NULL AUTO_INCREMENT,
  `ID_USER` int(25) NOT NULL,
  `TEST_DATE` datetime NOT NULL,
  `MOS` int(11) NOT NULL,
  `MOS_MAX` int(20) NOT NULL,
  `ID_FILE` int(25) NOT NULL,
  `ID_TEST` int(11) NOT NULL,
  `TEST_NUMBER` int(11) NOT NULL,
  KEY `ID` (`ID`)
) ENGINE=InnoDB AUTO_INCREMENT=23678 DEFAULT CHARSET=latin1;
/*!40101 SET character_set_client = @saved_cs_client */;

--
-- Dumping data for table `RESULTS`
--

LOCK TABLES `RESULTS` WRITE;
/*!40000 ALTER TABLE `RESULTS` DISABLE KEYS */;
INSERT INTO `RESULTS` VALUES (7555,259,'2017-12-04 15:06:20',5,5,792,85,1),(7556,259,'2017-12-04 15:06:31',1,5,799,85,1),(7557,259,'2017-12-04 15:06:37',4,5,798,85,1),(7558,259,'2017-12-04 15:06:41',4,5,796,85,1),(7559,259,'2017-12-04 15:06:54',5,5,793,85,1),(7560,259,'2017-12-04 15:06:58',4,5,797,85,1),(7561,259,'2017-12-04 15:07:02',4,5,794,85,1),(7562,259,'2017-12-04 15:07:09',5,5,791,85,1),(7563,259,'2017-12-04 15:07:14',4,5,790,85,1),(7564,259,'2017-12-04 15:07:26',4,5,795,85,1),(7565,260,'2017-12-04 15:07:28',4,5,790,85,1),(7566,263,'2017-12-04 15:07:32',3,5,796,85,1),(7567,260,'2017-12-04 15:07:35',4,5,795,85,1),(7568,263,'2017-12-04 15:07:39',4,5,795,85,1),(7569,260,'2017-12-04 15:07:39',1,5,799,85,1),(7570,263,'2017-12-04 15:07:44',4,5,794,85,1),(7571,263,'2017-12-04 15:07:49',3,5,797,85,1),(7572,264,'2017-12-04 15:07:51',3,5,797,85,1),(7573,262,'2017-12-04 15:07:52',4,5,791,85,1),(7574,265,'2017-12-04 15:07:55',3,5,798,85,1),(7575,263,'2017-12-04 15:07:56',4,5,790,85,1),(7576,260,'2017-12-04 15:07:58',3,5,797,85,1),(7577,262,'2017-12-04 15:08:00',2,5,790,85,1),(7578,264,'2017-12-04 15:08:01',2,5,796,85,1),(7579,263,'2017-12-04 15:08:02',3,5,798,85,1),(7580,265,'2017-12-04 15:08:05',3,5,790,85,1),(7581,267,'2017-12-04 15:08:05',4,5,794,85,1),(7582,260,'2017-12-04 15:08:06',4,5,792,85,1),(7583,264,'2017-12-04 15:08:06',4,5,800,85,1),(7584,262,'2017-12-04 15:08:06',2,5,792,85,1),(7585,269,'2017-12-04 15:08:07',3,5,796,85,1),(7586,267,'2017-12-04 15:08:09',4,5,790,85,1),(7587,262,'2017-12-04 15:08:10',1,5,798,85,1),(7588,266,'2017-12-04 15:08:10',4,5,793,85,1),(7589,260,'2017-12-04 15:08:10',3,5,800,85,1),(7590,267,'2017-12-04 15:08:14',3,5,795,85,1),(7591,269,'2017-12-04 15:08:15',4,5,790,85,1),(7592,262,'2017-12-04 15:08:15',2,5,793,85,1),(7593,259,'2017-12-04 15:08:16',3,5,800,85,1),(7594,265,'2017-12-04 15:08:16',4,5,791,85,1),(7595,263,'2017-12-04 15:08:17',4,5,800,85,1),(7596,262,'2017-12-04 15:08:18',1,5,796,85,1),(7597,267,'2017-12-04 15:08:18',3,5,791,85,1),(7598,260,'2017-12-04 15:08:20',5,5,791,85,1),(7599,269,'2017-12-04 15:08:21',4,5,795,85,1),(7600,271,'2017-12-04 15:08:21',4,5,797,85,1),(7601,263,'2017-12-04 15:08:22',4,5,792,85,1),(7602,264,'2017-12-04 15:08:22',4,5,790,85,1),(7603,262,'2017-12-04 15:08:23',2,5,800,85,1),(7604,265,'2017-12-04 15:08:23',3,5,800,85,1),(7605,267,'2017-12-04 15:08:24',4,5,798,85,1),(7606,269,'2017-12-04 15:08:25',1,5,799,85,1),(7607,260,'2017-12-04 15:08:25',5,5,794,85,1),(7608,264,'2017-12-04 15:08:26',1,5,799,85,1),(7609,268,'2017-12-04 15:08:26',4,5,791,85,1),(7610,262,'2017-12-04 15:08:27',3,5,794,85,1),(7611,263,'2017-12-04 15:08:29',5,5,793,85,1),(7612,262,'2017-12-04 15:08:29',1,5,799,85,1),(7613,260,'2017-12-04 15:08:29',2,5,796,85,1),(7614,267,'2017-12-04 15:08:30',3,5,793,85,1),(7615,260,'2017-12-04 15:08:33',3,5,798,85,1),(7616,265,'2017-12-04 15:08:33',4,5,793,85,1),(7617,263,'2017-12-04 15:08:34',1,5,799,85,1),(7618,264,'2017-12-04 15:08:34',3,5,795,85,1),(7619,271,'2017-12-04 15:08:34',2,5,796,85,1),(7620,269,'2017-12-04 15:08:35',4,5,791,85,1),(7621,262,'2017-12-04 15:08:35',4,5,795,85,1),(7622,267,'2017-12-04 15:08:35',2,5,797,85,1),(7623,267,'2017-12-04 15:08:37',1,5,799,85,1),(7624,266,'2017-12-04 15:08:38',5,5,791,85,1),(7625,263,'2017-12-04 15:08:39',4,5,791,85,1),(7626,265,'2017-12-04 15:08:39',1,5,799,85,1),(7627,262,'2017-12-04 15:08:39',2,5,797,85,1),(7628,267,'2017-12-04 15:08:42',3,5,800,85,1),(7629,266,'2017-12-04 15:08:43',3,5,794,85,1),(7630,260,'2017-12-04 15:08:43',4,5,793,85,1),(7631,264,'2017-12-04 15:08:44',3,5,792,85,1),(7632,267,'2017-12-04 15:08:44',3,5,796,85,1),(7633,265,'2017-12-04 15:08:45',3,5,795,85,1),(7634,271,'2017-12-04 15:08:46',4,5,800,85,1),(7635,269,'2017-12-04 15:08:46',3,5,797,85,1),(7636,276,'2017-12-04 15:08:46',4,5,790,85,1),(7637,272,'2017-12-04 15:08:47',3,5,791,85,1),(7638,267,'2017-12-04 15:08:47',4,5,792,85,1),(7639,277,'2017-12-04 15:08:47',5,5,792,85,1),(7640,266,'2017-12-04 15:08:47',2,5,792,85,1),(7641,270,'2017-12-04 15:08:50',4,5,797,85,1),(7642,266,'2017-12-04 15:08:51',2,5,800,85,1),(7643,277,'2017-12-04 15:08:52',2,5,796,85,1),(7644,268,'2017-12-04 15:08:52',4,5,793,85,1),(7645,264,'2017-12-04 15:08:54',4,5,794,85,1),(7646,271,'2017-12-04 15:08:54',5,5,791,85,1),(7647,266,'2017-12-04 15:08:55',1,5,799,85,1),(7648,277,'2017-12-04 15:08:55',3,5,790,85,1),(7649,269,'2017-12-04 15:08:55',4,5,793,85,1),(7650,270,'2017-12-04 15:08:55',1,5,799,85,1),(7651,272,'2017-12-04 15:08:55',1,5,799,85,1),(7652,276,'2017-12-04 15:08:56',3,5,796,85,1),(7653,277,'2017-12-04 15:08:57',3,5,795,85,1),(7654,266,'2017-12-04 15:08:59',4,5,795,85,1),(7655,277,'2017-12-04 15:09:00',3,5,797,85,1),(7656,276,'2017-12-04 15:09:01',1,5,799,85,1),(7657,269,'2017-12-04 15:09:02',4,5,792,85,1),(7658,272,'2017-12-04 15:09:02',4,5,800,85,1),(7659,268,'2017-12-04 15:09:02',2,5,797,85,1),(7660,266,'2017-12-04 15:09:03',5,5,790,85,1),(7661,270,'2017-12-04 15:09:05',4,5,796,85,1),(7662,271,'2017-12-04 15:09:05',4,5,790,85,1),(7663,272,'2017-12-04 15:09:06',4,5,797,85,1),(7664,265,'2017-12-04 15:09:07',3,5,792,85,1),(7665,266,'2017-12-04 15:09:07',3,5,797,85,1),(7666,272,'2017-12-04 15:09:09',3,5,796,85,1),(7667,276,'2017-12-04 15:09:10',4,5,795,85,1),(7668,274,'2017-12-04 15:09:10',3,5,790,85,1),(7669,271,'2017-12-04 15:09:11',1,5,799,85,1),(7670,269,'2017-12-04 15:09:11',4,5,794,85,1),(7671,270,'2017-12-04 15:09:11',4,5,792,85,1),(7672,266,'2017-12-04 15:09:11',3,5,798,85,1),(7673,277,'2017-12-04 15:09:12',4,5,793,85,1),(7674,272,'2017-12-04 15:09:13',5,5,792,85,1),(7675,264,'2017-12-04 15:09:14',3,5,793,85,1),(7676,266,'2017-12-04 15:09:15',2,5,796,85,1),(7677,276,'2017-12-04 15:09:16',4,5,792,85,1),(7678,270,'2017-12-04 15:09:17',3,5,794,85,1),(7679,272,'2017-12-04 15:09:17',5,5,790,85,1),(7680,269,'2017-12-04 15:09:17',3,5,798,85,1),(7681,277,'2017-12-04 15:09:17',3,5,798,85,1),(7682,268,'2017-12-04 15:09:19',3,5,792,85,1),(7683,271,'2017-12-04 15:09:20',3,5,792,85,1),(7684,277,'2017-12-04 15:09:20',2,5,800,85,1),(7685,274,'2017-12-04 15:09:20',4,5,796,85,1),(7686,276,'2017-12-04 15:09:21',3,5,793,85,1),(7687,275,'2017-12-04 15:09:23',2,5,799,85,1),(7688,277,'2017-12-04 15:09:23',3,5,794,85,1),(7689,272,'2017-12-04 15:09:23',5,5,793,85,1),(7690,264,'2017-12-04 15:09:23',2,5,798,85,1),(7691,270,'2017-12-04 15:09:23',4,5,791,85,1),(7692,268,'2017-12-04 15:09:24',2,5,796,85,1),(7693,265,'2017-12-04 15:09:25',3,5,796,85,1),(7694,277,'2017-12-04 15:09:25',1,5,799,85,1),(7695,271,'2017-12-04 15:09:25',4,5,795,85,1),(7696,269,'2017-12-04 15:09:25',4,5,800,85,1),(7697,273,'2017-12-04 15:09:25',4,5,794,85,1),(7698,276,'2017-12-04 15:09:26',4,5,791,85,1),(7699,277,'2017-12-04 15:09:28',4,5,791,85,1),(7700,270,'2017-12-04 15:09:29',4,5,793,85,1),(7701,272,'2017-12-04 15:09:29',4,5,794,85,1),(7702,271,'2017-12-04 15:09:30',3,5,794,85,1),(7703,276,'2017-12-04 15:09:30',4,5,798,85,1),(7704,265,'2017-12-04 15:09:30',4,5,794,85,1),(7705,273,'2017-12-04 15:09:32',4,5,798,85,1),(7706,272,'2017-12-04 15:09:32',5,5,795,85,1),(7707,275,'2017-12-04 15:09:34',4,5,794,85,1),(7708,274,'2017-12-04 15:09:34',5,5,792,85,1),(7709,270,'2017-12-04 15:09:34',4,5,795,85,1),(7710,264,'2017-12-04 15:09:34',3,5,791,85,1),(7711,276,'2017-12-04 15:09:34',3,5,797,85,1),(7712,273,'2017-12-04 15:09:38',3,5,796,85,1),(7713,272,'2017-12-04 15:09:38',4,5,798,85,1),(7714,270,'2017-12-04 15:09:39',2,5,790,85,1),(7715,276,'2017-12-04 15:09:39',4,5,794,85,1),(7716,265,'2017-12-04 15:09:39',4,5,797,85,1),(7717,273,'2017-12-04 15:09:41',3,5,800,85,1),(7718,275,'2017-12-04 15:09:42',4,5,793,85,1),(7719,276,'2017-12-04 15:09:43',4,5,800,85,1),(7720,268,'2017-12-04 15:09:43',2,5,790,85,1),(7721,271,'2017-12-04 15:09:45',4,5,798,85,1),(7722,273,'2017-12-04 15:09:45',4,5,790,85,1),(7723,275,'2017-12-04 15:09:47',4,5,795,85,1),(7724,270,'2017-12-04 15:09:48',3,5,798,85,1),(7725,274,'2017-12-04 15:09:48',5,5,798,85,1),(7726,273,'2017-12-04 15:09:50',3,5,792,85,1),(7727,271,'2017-12-04 15:09:51',5,5,793,85,1),(7728,275,'2017-12-04 15:09:52',3,5,792,85,1),(7729,270,'2017-12-04 15:09:53',3,5,800,85,1),(7730,273,'2017-12-04 15:09:53',4,5,795,85,1),(7731,274,'2017-12-04 15:09:55',2,5,799,85,1),(7732,273,'2017-12-04 15:09:57',3,5,797,85,1),(7733,275,'2017-12-04 15:09:58',3,5,797,85,1),(7734,273,'2017-12-04 15:10:01',4,5,793,85,1),(7735,268,'2017-12-04 15:10:03',3,5,795,85,1),(7736,273,'2017-12-04 15:10:08',5,5,791,85,1),(7737,273,'2017-12-04 15:10:10',2,5,799,85,1),(7738,275,'2017-12-04 15:10:16',3,5,800,85,1),(7739,274,'2017-12-04 15:10:20',5,5,791,85,1),(7740,275,'2017-12-04 15:10:20',3,5,790,85,1),(7741,275,'2017-12-04 15:10:24',4,5,796,85,1),(7742,268,'2017-12-04 15:10:25',3,5,798,85,1),(7743,275,'2017-12-04 15:10:28',5,5,791,85,1),(7744,268,'2017-12-04 15:10:29',3,5,794,85,1),(7745,275,'2017-12-04 15:10:34',3,5,798,85,1),(7746,274,'2017-12-04 15:10:36',4,5,797,85,1),(7747,268,'2017-12-04 15:10:42',2,5,800,85,1),(7748,268,'2017-12-04 15:10:47',1,5,799,85,1),(7749,274,'2017-12-04 15:10:48',5,5,794,85,1),(7750,274,'2017-12-04 15:11:00',5,5,793,85,1),(7751,262,'2017-12-04 15:11:49',3,5,616,80,1),(7752,266,'2017-12-04 15:11:50',3,5,666,80,1),(7753,262,'2017-12-04 15:11:54',2,5,620,80,1),(7754,266,'2017-12-04 15:11:55',4,5,688,80,1),(7755,271,'2017-12-04 15:11:55',3,5,603,80,1),(7756,273,'2017-12-04 15:11:56',4,5,644,80,1),(7757,275,'2017-12-04 15:11:57',3,5,636,80,1),(7758,262,'2017-12-04 15:11:58',3,5,640,80,1),(7759,266,'2017-12-04 15:11:59',2,5,672,80,1),(7760,273,'2017-12-04 15:12:02',4,5,688,80,1),(7761,269,'2017-12-04 15:12:03',5,5,628,80,1),(7762,267,'2017-12-04 15:12:03',4,5,652,80,1),(7763,266,'2017-12-04 15:12:04',4,5,634,80,1),(7764,265,'2017-12-04 15:12:05',3,5,605,80,1),(7765,266,'2017-12-04 15:12:07',3,5,661,80,1),(7766,262,'2017-12-04 15:12:08',3,5,598,80,1),(7767,267,'2017-12-04 15:12:08',5,5,656,80,1),(7768,269,'2017-12-04 15:12:11',4,5,670,80,1),(7769,275,'2017-12-04 15:12:11',4,5,595,80,1),(7770,266,'2017-12-04 15:12:11',2,5,689,80,1),(7771,265,'2017-12-04 15:12:12',4,5,688,80,1),(7772,273,'2017-12-04 15:12:12',5,5,686,80,1),(7773,262,'2017-12-04 15:12:13',3,5,613,80,1),(7774,275,'2017-12-04 15:12:13',3,5,638,80,1),(7775,267,'2017-12-04 15:12:14',5,5,631,80,1),(7776,266,'2017-12-04 15:12:15',2,5,671,80,1),(7777,262,'2017-12-04 15:12:17',3,5,595,80,1),(7778,275,'2017-12-04 15:12:17',5,5,626,80,1),(7779,265,'2017-12-04 15:12:17',4,5,595,80,1),(7780,269,'2017-12-04 15:12:18',4,5,597,80,1),(7781,273,'2017-12-04 15:12:18',3,5,633,80,1),(7782,266,'2017-12-04 15:12:19',2,5,654,80,1),(7783,275,'2017-12-04 15:12:19',4,5,646,80,1),(7784,267,'2017-12-04 15:12:21',5,5,646,80,1),(7785,262,'2017-12-04 15:12:21',3,5,635,80,1),(7786,265,'2017-12-04 15:12:22',3,5,606,80,1),(7787,266,'2017-12-04 15:12:23',4,5,622,80,1),(7788,273,'2017-12-04 15:12:23',5,5,681,80,1),(7789,262,'2017-12-04 15:12:25',3,5,628,80,1),(7790,268,'2017-12-04 15:12:26',3,5,644,80,1),(7791,267,'2017-12-04 15:12:26',5,5,638,80,1),(7792,273,'2017-12-04 15:12:27',3,5,642,80,1),(7793,275,'2017-12-04 15:12:27',4,5,688,80,1),(7794,266,'2017-12-04 15:12:28',2,5,615,80,1),(7795,269,'2017-12-04 15:12:29',4,5,686,80,1),(7796,262,'2017-12-04 15:12:30',2,5,600,80,1),(7797,273,'2017-12-04 15:12:31',4,5,651,80,1),(7798,267,'2017-12-04 15:12:31',5,5,651,80,1),(7799,274,'2017-12-04 15:12:32',4,5,666,80,1),(7800,266,'2017-12-04 15:12:33',2,5,670,80,1),(7801,262,'2017-12-04 15:12:33',3,5,694,80,1),(7802,275,'2017-12-04 15:12:34',4,5,618,80,1),(7803,273,'2017-12-04 15:12:35',3,5,661,80,1),(7804,267,'2017-12-04 15:12:36',5,5,694,80,1),(7805,271,'2017-12-04 15:12:36',5,5,596,80,1),(7806,269,'2017-12-04 15:12:37',3,5,676,80,1),(7807,275,'2017-12-04 15:12:38',4,5,674,80,1),(7808,264,'2017-12-04 15:12:38',2,5,620,80,1),(7809,268,'2017-12-04 15:12:38',3,5,667,80,1),(7810,266,'2017-12-04 15:12:38',4,5,618,80,1),(7811,265,'2017-12-04 15:12:38',4,5,640,80,1),(7812,262,'2017-12-04 15:12:40',4,5,647,80,1),(7813,273,'2017-12-04 15:12:40',4,5,673,80,1),(7814,275,'2017-12-04 15:12:41',3,5,672,80,1),(7815,274,'2017-12-04 15:12:42',3,5,670,80,1),(7816,269,'2017-12-04 15:12:42',4,5,647,80,1),(7817,271,'2017-12-04 15:12:42',5,5,686,80,1),(7818,275,'2017-12-04 15:12:43',3,5,599,80,1),(7819,266,'2017-12-04 15:12:44',1,5,627,80,1),(7820,262,'2017-12-04 15:12:44',4,5,621,80,1),(7821,273,'2017-12-04 15:12:45',4,5,638,80,1),(7822,267,'2017-12-04 15:12:46',5,5,658,80,1),(7823,275,'2017-12-04 15:12:46',3,5,612,80,1),(7824,274,'2017-12-04 15:12:47',4,5,676,80,1),(7825,266,'2017-12-04 15:12:47',2,5,602,80,1),(7826,262,'2017-12-04 15:12:47',3,5,624,80,1),(7827,268,'2017-12-04 15:12:48',2,5,654,80,1),(7828,273,'2017-12-04 15:12:49',4,5,685,80,1),(7829,270,'2017-12-04 15:12:49',4,5,688,80,1),(7830,265,'2017-12-04 15:12:49',4,5,618,80,1),(7831,264,'2017-12-04 15:12:49',2,5,640,80,1),(7832,275,'2017-12-04 15:12:50',5,5,634,80,1),(7833,271,'2017-12-04 15:12:51',4,5,607,80,1),(7834,262,'2017-12-04 15:12:51',2,5,608,80,1),(7835,270,'2017-12-04 15:12:52',4,5,614,80,1),(7836,274,'2017-12-04 15:12:52',5,5,655,80,1),(7837,267,'2017-12-04 15:12:53',4,5,625,80,1),(7838,266,'2017-12-04 15:12:53',5,5,637,80,1),(7839,273,'2017-12-04 15:12:53',3,5,605,80,1),(7840,275,'2017-12-04 15:12:53',2,5,690,80,1),(7841,269,'2017-12-04 15:12:54',4,5,679,80,1),(7842,275,'2017-12-04 15:12:55',2,5,684,80,1),(7843,272,'2017-12-04 15:12:55',5,5,663,80,1),(7844,265,'2017-12-04 15:12:55',3,5,636,80,1),(7845,259,'2017-12-04 15:12:56',4,5,639,80,1),(7846,262,'2017-12-04 15:12:56',3,5,618,80,1),(7847,271,'2017-12-04 15:12:56',2,5,616,80,1),(7848,264,'2017-12-04 15:12:56',2,5,684,80,1),(7849,270,'2017-12-04 15:12:57',4,5,612,80,1),(7850,266,'2017-12-04 15:12:57',3,5,660,80,1),(7851,278,'2017-12-04 15:12:57',5,5,674,80,1),(7852,267,'2017-12-04 15:12:58',5,5,675,80,1),(7853,273,'2017-12-04 15:12:58',5,5,613,80,1),(7854,274,'2017-12-04 15:12:58',4,5,629,80,1),(7855,275,'2017-12-04 15:12:59',3,5,616,80,1),(7856,268,'2017-12-04 15:12:59',4,5,621,80,1),(7857,272,'2017-12-04 15:12:59',5,5,614,80,1),(7858,262,'2017-12-04 15:12:59',4,5,597,80,1),(7859,269,'2017-12-04 15:13:00',4,5,678,80,1),(7860,270,'2017-12-04 15:13:00',3,5,653,80,1),(7861,265,'2017-12-04 15:13:01',2,5,643,80,1),(7862,273,'2017-12-04 15:13:02',5,5,656,80,1),(7863,266,'2017-12-04 15:13:02',3,5,598,80,1),(7864,259,'2017-12-04 15:13:02',5,5,634,80,1),(7865,275,'2017-12-04 15:13:02',3,5,596,80,1),(7866,274,'2017-12-04 15:13:02',5,5,685,80,1),(7867,271,'2017-12-04 15:13:03',4,5,595,80,1),(7868,262,'2017-12-04 15:13:03',2,5,672,80,1),(7869,272,'2017-12-04 15:13:03',5,5,633,80,1),(7870,263,'2017-12-04 15:13:04',5,5,615,80,1),(7871,278,'2017-12-04 15:13:05',4,5,644,80,1),(7872,267,'2017-12-04 15:13:05',5,5,659,80,1),(7873,273,'2017-12-04 15:13:05',5,5,669,80,1),(7874,264,'2017-12-04 15:13:06',3,5,681,80,1),(7875,266,'2017-12-04 15:13:06',4,5,685,80,1),(7876,275,'2017-12-04 15:13:06',3,5,631,80,1),(7877,270,'2017-12-04 15:13:06',4,5,694,80,1),(7878,259,'2017-12-04 15:13:06',4,5,666,80,1),(7879,262,'2017-12-04 15:13:07',4,5,664,80,1),(7880,265,'2017-12-04 15:13:07',3,5,642,80,1),(7881,272,'2017-12-04 15:13:08',4,5,642,80,1),(7882,278,'2017-12-04 15:13:08',2,5,636,80,1),(7883,274,'2017-12-04 15:13:09',5,5,665,80,1),(7884,267,'2017-12-04 15:13:09',5,5,665,80,1),(7885,273,'2017-12-04 15:13:09',5,5,657,80,1),(7886,266,'2017-12-04 15:13:10',2,5,681,80,1),(7887,270,'2017-12-04 15:13:11',4,5,636,80,1),(7888,271,'2017-12-04 15:13:11',2,5,692,80,1),(7889,268,'2017-12-04 15:13:11',4,5,653,80,1),(7890,278,'2017-12-04 15:13:11',2,5,684,80,1),(7891,265,'2017-12-04 15:13:12',3,5,637,80,1),(7892,275,'2017-12-04 15:13:13',3,5,620,80,1),(7893,273,'2017-12-04 15:13:13',5,5,632,80,1),(7894,272,'2017-12-04 15:13:13',5,5,688,80,1),(7895,269,'2017-12-04 15:13:14',3,5,611,80,1),(7896,259,'2017-12-04 15:13:14',5,5,601,80,1),(7897,267,'2017-12-04 15:13:14',4,5,664,80,1),(7898,278,'2017-12-04 15:13:15',2,5,619,80,1),(7899,266,'2017-12-04 15:13:15',5,5,691,80,1),(7900,262,'2017-12-04 15:13:15',4,5,615,80,1),(7901,271,'2017-12-04 15:13:15',5,5,688,80,1),(7902,275,'2017-12-04 15:13:16',3,5,656,80,1),(7903,270,'2017-12-04 15:13:16',2,5,643,80,1),(7904,265,'2017-12-04 15:13:17',2,5,692,80,1),(7905,274,'2017-12-04 15:13:17',4,5,660,80,1),(7906,264,'2017-12-04 15:13:17',3,5,646,80,1),(7907,268,'2017-12-04 15:13:18',5,5,622,80,1),(7908,273,'2017-12-04 15:13:18',5,5,691,80,1),(7909,267,'2017-12-04 15:13:18',3,5,613,80,1),(7910,272,'2017-12-04 15:13:19',4,5,675,80,1),(7911,266,'2017-12-04 15:13:19',4,5,601,80,1),(7912,259,'2017-12-04 15:13:19',3,5,609,80,1),(7913,262,'2017-12-04 15:13:20',1,5,661,80,1),(7914,275,'2017-12-04 15:13:20',5,5,681,80,1),(7915,271,'2017-12-04 15:13:21',1,5,609,80,1),(7916,269,'2017-12-04 15:13:22',5,5,691,80,1),(7917,270,'2017-12-04 15:13:22',4,5,679,80,1),(7918,262,'2017-12-04 15:13:22',3,5,634,80,1),(7919,273,'2017-12-04 15:13:23',5,5,683,80,1),(7920,263,'2017-12-04 15:13:23',4,5,688,80,1),(7921,274,'2017-12-04 15:13:23',5,5,680,80,1),(7922,275,'2017-12-04 15:13:23',5,5,611,80,1),(7923,272,'2017-12-04 15:13:23',5,5,677,80,1),(7924,278,'2017-12-04 15:13:23',3,5,642,80,1),(7925,267,'2017-12-04 15:13:24',4,5,683,80,1),(7926,259,'2017-12-04 15:13:24',4,5,679,80,1),(7927,268,'2017-12-04 15:13:24',4,5,659,80,1),(7928,266,'2017-12-04 15:13:25',3,5,651,80,1),(7929,262,'2017-12-04 15:13:25',1,5,689,80,1),(7930,273,'2017-12-04 15:13:26',5,5,665,80,1),(7931,275,'2017-12-04 15:13:26',4,5,648,80,1),(7932,270,'2017-12-04 15:13:26',3,5,646,80,1),(7933,276,'2017-12-04 15:13:26',4,5,679,80,1),(7934,267,'2017-12-04 15:13:26',2,5,645,80,1),(7935,263,'2017-12-04 15:13:27',3,5,692,80,1),(7936,259,'2017-12-04 15:13:28',2,5,692,80,1),(7937,272,'2017-12-04 15:13:28',4,5,684,80,1),(7938,265,'2017-12-04 15:13:28',3,5,644,80,1),(7939,273,'2017-12-04 15:13:28',3,5,602,80,1),(7940,268,'2017-12-04 15:13:28',1,5,650,80,1),(7941,262,'2017-12-04 15:13:28',2,5,668,80,1),(7942,266,'2017-12-04 15:13:28',2,5,643,80,1),(7943,275,'2017-12-04 15:13:29',4,5,628,80,1),(7944,271,'2017-12-04 15:13:29',2,5,627,80,1),(7945,270,'2017-12-04 15:13:29',4,5,689,80,1),(7946,267,'2017-12-04 15:13:30',5,5,669,80,1),(7947,276,'2017-12-04 15:13:30',3,5,612,80,1),(7948,263,'2017-12-04 15:13:30',4,5,677,80,1),(7949,278,'2017-12-04 15:13:31',2,5,638,80,1),(7950,262,'2017-12-04 15:13:31',2,5,667,80,1),(7951,274,'2017-12-04 15:13:31',3,5,686,80,1),(7952,259,'2017-12-04 15:13:31',3,5,595,80,1),(7953,266,'2017-12-04 15:13:32',2,5,610,80,1),(7954,264,'2017-12-04 15:13:32',4,5,669,80,1),(7955,269,'2017-12-04 15:13:32',4,5,649,80,1),(7956,272,'2017-12-04 15:13:34',3,5,658,80,1),(7957,273,'2017-12-04 15:13:34',4,5,690,80,1),(7958,262,'2017-12-04 15:13:34',3,5,679,80,1),(7959,275,'2017-12-04 15:13:34',4,5,624,80,1),(7960,270,'2017-12-04 15:13:34',3,5,692,80,1),(7961,274,'2017-12-04 15:13:35',3,5,602,80,1),(7962,278,'2017-12-04 15:13:35',5,5,652,80,1),(7963,267,'2017-12-04 15:13:36',4,5,676,80,1),(7964,259,'2017-12-04 15:13:36',3,5,689,80,1),(7965,262,'2017-12-04 15:13:36',2,5,602,80,1),(7966,266,'2017-12-04 15:13:36',3,5,692,80,1),(7967,273,'2017-12-04 15:13:37',5,5,660,80,1),(7968,268,'2017-12-04 15:13:37',3,5,612,80,1),(7969,265,'2017-12-04 15:13:38',4,5,623,80,1),(7970,262,'2017-12-04 15:13:38',1,5,643,80,1),(7971,275,'2017-12-04 15:13:38',2,5,627,80,1),(7972,267,'2017-12-04 15:13:39',5,5,666,80,1),(7973,276,'2017-12-04 15:13:39',4,5,601,80,1),(7974,270,'2017-12-04 15:13:39',5,5,657,80,1),(7975,264,'2017-12-04 15:13:39',3,5,600,80,1),(7976,278,'2017-12-04 15:13:39',4,5,651,80,1),(7977,259,'2017-12-04 15:13:39',3,5,695,80,1),(7978,271,'2017-12-04 15:13:40',4,5,622,80,1),(7979,266,'2017-12-04 15:13:40',4,5,621,80,1),(7980,273,'2017-12-04 15:13:40',3,5,606,80,1),(7981,269,'2017-12-04 15:13:42',4,5,664,80,1),(7982,274,'2017-12-04 15:13:42',5,5,624,80,1),(7983,262,'2017-12-04 15:13:43',3,5,648,80,1),(7984,276,'2017-12-04 15:13:43',3,5,616,80,1),(7985,263,'2017-12-04 15:13:44',4,5,631,80,1),(7986,259,'2017-12-04 15:13:44',3,5,663,80,1),(7987,270,'2017-12-04 15:13:44',5,5,601,80,1),(7988,271,'2017-12-04 15:13:45',1,5,643,80,1),(7989,272,'2017-12-04 15:13:45',5,5,649,80,1),(7990,266,'2017-12-04 15:13:45',4,5,650,80,1),(7991,274,'2017-12-04 15:13:45',2,5,630,80,1),(7992,278,'2017-12-04 15:13:45',4,5,691,80,1),(7993,265,'2017-12-04 15:13:46',3,5,621,80,1),(7994,267,'2017-12-04 15:13:46',4,5,605,80,1),(7995,269,'2017-12-04 15:13:46',2,5,606,80,1),(7996,276,'2017-12-04 15:13:46',4,5,624,80,1),(7997,259,'2017-12-04 15:13:47',4,5,629,80,1),(7998,268,'2017-12-04 15:13:48',4,5,624,80,1),(7999,275,'2017-12-04 15:13:49',2,5,639,80,1),(8000,270,'2017-12-04 15:13:49',4,5,620,80,1),(8001,265,'2017-12-04 15:13:49',1,5,693,80,1),(8002,273,'2017-12-04 15:13:49',3,5,639,80,1),(8003,266,'2017-12-04 15:13:50',5,5,628,80,1),(8004,272,'2017-12-04 15:13:50',4,5,654,80,1),(8005,259,'2017-12-04 15:13:50',4,5,619,80,1),(8006,263,'2017-12-04 15:13:50',5,5,665,80,1),(8007,267,'2017-12-04 15:13:51',4,5,598,80,1),(8008,262,'2017-12-04 15:13:51',1,5,627,80,1),(8009,278,'2017-12-04 15:13:51',4,5,666,80,1),(8010,270,'2017-12-04 15:13:52',3,5,616,80,1),(8011,264,'2017-12-04 15:13:52',3,5,656,80,1),(8012,275,'2017-12-04 15:13:52',3,5,647,80,1),(8013,271,'2017-12-04 15:13:52',4,5,665,80,1),(8014,274,'2017-12-04 15:13:53',5,5,639,80,1),(8015,268,'2017-12-04 15:13:53',3,5,660,80,1),(8016,263,'2017-12-04 15:13:54',5,5,599,80,1),(8017,269,'2017-12-04 15:13:54',3,5,620,80,1),(8018,276,'2017-12-04 15:13:54',4,5,608,80,1),(8019,273,'2017-12-04 15:13:54',4,5,612,80,1),(8020,259,'2017-12-04 15:13:54',3,5,683,80,1),(8021,266,'2017-12-04 15:13:54',2,5,659,80,1),(8022,275,'2017-12-04 15:13:55',2,5,669,80,1),(8023,262,'2017-12-04 15:13:55',4,5,631,80,1),(8024,278,'2017-12-04 15:13:56',4,5,639,80,1),(8025,270,'2017-12-04 15:13:56',3,5,602,80,1),(8026,272,'2017-12-04 15:13:56',4,5,598,80,1),(8027,267,'2017-12-04 15:13:57',5,5,614,80,1),(8028,263,'2017-12-04 15:13:57',4,5,653,80,1),(8029,271,'2017-12-04 15:13:58',5,5,685,80,1),(8030,276,'2017-12-04 15:13:58',2,5,627,80,1),(8031,266,'2017-12-04 15:13:58',4,5,665,80,1),(8032,275,'2017-12-04 15:13:58',3,5,680,80,1),(8033,280,'2017-12-04 15:13:58',5,5,620,80,1),(8034,279,'2017-12-04 15:13:58',3,5,616,80,1),(8035,274,'2017-12-04 15:13:58',4,5,620,80,1),(8036,262,'2017-12-04 15:13:58',4,5,681,80,1),(8037,265,'2017-12-04 15:13:58',3,5,607,80,1),(8038,273,'2017-12-04 15:13:59',4,5,692,80,1),(8039,268,'2017-12-04 15:13:59',5,5,599,80,1),(8040,278,'2017-12-04 15:13:59',3,5,653,80,1),(8041,259,'2017-12-04 15:14:00',4,5,686,80,1),(8042,270,'2017-12-04 15:14:00',4,5,595,80,1),(8043,275,'2017-12-04 15:14:00',1,5,670,80,1),(8044,269,'2017-12-04 15:14:00',3,5,689,80,1),(8045,267,'2017-12-04 15:14:00',3,5,655,80,1),(8046,272,'2017-12-04 15:14:01',5,5,631,80,1),(8047,266,'2017-12-04 15:14:02',3,5,675,80,1),(8048,263,'2017-12-04 15:14:03',5,5,671,80,1),(8049,264,'2017-12-04 15:14:03',4,5,618,80,1),(8050,278,'2017-12-04 15:14:03',4,5,665,80,1),(8051,265,'2017-12-04 15:14:03',2,5,667,80,1),(8052,276,'2017-12-04 15:14:03',4,5,683,80,1),(8053,259,'2017-12-04 15:14:03',3,5,623,80,1),(8054,270,'2017-12-04 15:14:03',5,5,678,80,1),(8055,273,'2017-12-04 15:14:04',5,5,601,80,1),(8056,272,'2017-12-04 15:14:04',2,5,606,80,1),(8057,262,'2017-12-04 15:14:04',4,5,614,80,1),(8058,275,'2017-12-04 15:14:04',3,5,640,80,1),(8059,266,'2017-12-04 15:14:05',2,5,667,80,1),(8060,278,'2017-12-04 15:14:06',2,5,667,80,1),(8061,268,'2017-12-04 15:14:06',2,5,596,80,1),(8062,274,'2017-12-04 15:14:07',5,5,595,80,1),(8063,269,'2017-12-04 15:14:07',4,5,680,80,1),(8064,259,'2017-12-04 15:14:07',2,5,688,80,1),(8065,267,'2017-12-04 15:14:08',4,5,660,80,1),(8066,275,'2017-12-04 15:14:08',1,5,606,80,1),(8067,262,'2017-12-04 15:14:09',1,5,630,80,1),(8068,266,'2017-12-04 15:14:09',2,5,682,80,1),(8069,270,'2017-12-04 15:14:09',5,5,597,80,1),(8070,271,'2017-12-04 15:14:09',3,5,691,80,1),(8071,280,'2017-12-04 15:14:09',5,5,642,80,1),(8072,274,'2017-12-04 15:14:10',2,5,616,80,1),(8073,273,'2017-12-04 15:14:10',3,5,603,80,1),(8074,268,'2017-12-04 15:14:10',1,5,630,80,1),(8075,272,'2017-12-04 15:14:10',5,5,637,80,1),(8076,262,'2017-12-04 15:14:11',4,5,677,80,1),(8077,267,'2017-12-04 15:14:11',3,5,618,80,1),(8078,278,'2017-12-04 15:14:11',3,5,621,80,1),(8079,275,'2017-12-04 15:14:12',2,5,682,80,1),(8080,266,'2017-12-04 15:14:12',4,5,690,80,1),(8081,259,'2017-12-04 15:14:12',2,5,626,80,1),(8082,274,'2017-12-04 15:14:12',2,5,687,80,1),(8083,265,'2017-12-04 15:14:13',3,5,676,80,1),(8084,276,'2017-12-04 15:14:13',4,5,673,80,1),(8085,273,'2017-12-04 15:14:14',4,5,646,80,1),(8086,262,'2017-12-04 15:14:14',3,5,633,80,1),(8087,269,'2017-12-04 15:14:14',4,5,653,80,1),(8088,270,'2017-12-04 15:14:15',3,5,668,80,1),(8089,272,'2017-12-04 15:14:15',5,5,671,80,1),(8090,268,'2017-12-04 15:14:15',2,5,609,80,1),(8091,266,'2017-12-04 15:14:16',5,5,686,80,1),(8092,278,'2017-12-04 15:14:16',3,5,626,80,1),(8093,275,'2017-12-04 15:14:16',3,5,664,80,1),(8094,267,'2017-12-04 15:14:17',4,5,649,80,1),(8095,280,'2017-12-04 15:14:17',4,5,643,80,1),(8096,271,'2017-12-04 15:14:17',5,5,669,80,1),(8097,262,'2017-12-04 15:14:18',3,5,657,80,1),(8098,259,'2017-12-04 15:14:18',5,5,669,80,1),(8099,279,'2017-12-04 15:14:19',4,5,650,80,1),(8100,274,'2017-12-04 15:14:19',4,5,677,80,1),(8101,272,'2017-12-04 15:14:19',3,5,620,80,1),(8102,267,'2017-12-04 15:14:19',2,5,643,80,1),(8103,266,'2017-12-04 15:14:20',4,5,677,80,1),(8104,263,'2017-12-04 15:14:20',4,5,651,80,1),(8105,276,'2017-12-04 15:14:20',4,5,695,80,1),(8106,278,'2017-12-04 15:14:20',3,5,648,80,1),(8107,270,'2017-12-04 15:14:21',5,5,641,80,1),(8108,262,'2017-12-04 15:14:21',1,5,670,80,1),(8109,269,'2017-12-04 15:14:22',4,5,633,80,1),(8110,265,'2017-12-04 15:14:22',4,5,626,80,1),(8111,267,'2017-12-04 15:14:23',2,5,687,80,1),(8112,271,'2017-12-04 15:14:23',5,5,614,80,1),(8113,266,'2017-12-04 15:14:23',4,5,668,80,1),(8114,259,'2017-12-04 15:14:23',2,5,606,80,1),(8115,275,'2017-12-04 15:14:23',3,5,603,80,1),(8116,273,'2017-12-04 15:14:24',4,5,622,80,1),(8117,270,'2017-12-04 15:14:24',2,5,691,80,1),(8118,274,'2017-12-04 15:14:25',4,5,623,80,1),(8119,263,'2017-12-04 15:14:25',4,5,680,80,1),(8120,267,'2017-12-04 15:14:26',2,5,639,80,1),(8121,280,'2017-12-04 15:14:26',4,5,661,80,1),(8122,265,'2017-12-04 15:14:26',2,5,687,80,1),(8123,262,'2017-12-04 15:14:26',2,5,645,80,1),(8124,278,'2017-12-04 15:14:26',4,5,622,80,1),(8125,266,'2017-12-04 15:14:26',3,5,648,80,1),(8126,276,'2017-12-04 15:14:26',4,5,678,80,1),(8127,275,'2017-12-04 15:14:26',2,5,608,80,1),(8128,270,'2017-12-04 15:14:27',3,5,603,80,1),(8129,274,'2017-12-04 15:14:28',3,5,694,80,1),(8130,271,'2017-12-04 15:14:28',1,5,662,80,1),(8131,262,'2017-12-04 15:14:29',2,5,612,80,1),(8132,267,'2017-12-04 15:14:29',3,5,685,80,1),(8133,263,'2017-12-04 15:14:30',3,5,689,80,1),(8134,276,'2017-12-04 15:14:30',4,5,688,80,1),(8135,266,'2017-12-04 15:14:31',4,5,632,80,1),(8136,272,'2017-12-04 15:14:31',3,5,610,80,1),(8137,270,'2017-12-04 15:14:32',4,5,686,80,1),(8138,274,'2017-12-04 15:14:32',4,5,631,80,1),(8139,267,'2017-12-04 15:14:32',5,5,626,80,1),(8140,268,'2017-12-04 15:14:32',5,5,656,80,1),(8141,262,'2017-12-04 15:14:33',2,5,604,80,1),(8142,259,'2017-12-04 15:14:33',3,5,654,80,1),(8143,278,'2017-12-04 15:14:33',4,5,601,80,1),(8144,275,'2017-12-04 15:14:33',3,5,600,80,1),(8145,269,'2017-12-04 15:14:34',4,5,604,80,1),(8146,280,'2017-12-04 15:14:34',5,5,656,80,1),(8147,276,'2017-12-04 15:14:34',4,5,668,80,1),(8148,265,'2017-12-04 15:14:35',3,5,655,80,1),(8149,273,'2017-12-04 15:14:35',4,5,680,80,1),(8150,279,'2017-12-04 15:14:35',5,5,626,80,1),(8151,272,'2017-12-04 15:14:35',4,5,623,80,1),(8152,267,'2017-12-04 15:14:35',4,5,610,80,1),(8153,270,'2017-12-04 15:14:36',2,5,650,80,1),(8154,266,'2017-12-04 15:14:36',4,5,678,80,1),(8155,275,'2017-12-04 15:14:36',2,5,653,80,1),(8156,259,'2017-12-04 15:14:36',4,5,664,80,1),(8157,274,'2017-12-04 15:14:37',4,5,663,80,1),(8158,268,'2017-12-04 15:14:38',2,5,613,80,1),(8159,275,'2017-12-04 15:14:39',4,5,685,80,1),(8160,276,'2017-12-04 15:14:39',4,5,639,80,1),(8161,280,'2017-12-04 15:14:39',5,5,641,80,1),(8162,270,'2017-12-04 15:14:40',3,5,673,80,1),(8163,259,'2017-12-04 15:14:40',1,5,650,80,1),(8164,266,'2017-12-04 15:14:40',5,5,613,80,1),(8165,267,'2017-12-04 15:14:40',1,5,627,80,1),(8166,269,'2017-12-04 15:14:40',2,5,596,80,1),(8167,271,'2017-12-04 15:14:41',4,5,610,80,1),(8168,273,'2017-12-04 15:14:41',5,5,596,80,1),(8169,262,'2017-12-04 15:14:41',3,5,626,80,1),(8170,275,'2017-12-04 15:14:41',5,5,601,80,1),(8171,265,'2017-12-04 15:14:43',3,5,680,80,1),(8172,276,'2017-12-04 15:14:43',4,5,681,80,1),(8173,274,'2017-12-04 15:14:43',4,5,635,80,1),(8174,268,'2017-12-04 15:14:43',2,5,608,80,1),(8175,275,'2017-12-04 15:14:44',3,5,642,80,1),(8176,270,'2017-12-04 15:14:45',3,5,681,80,1),(8177,266,'2017-12-04 15:14:45',5,5,596,80,1),(8178,267,'2017-12-04 15:14:46',4,5,640,80,1),(8179,262,'2017-12-04 15:14:46',4,5,669,80,1),(8180,265,'2017-12-04 15:14:47',4,5,695,80,1),(8181,276,'2017-12-04 15:14:48',4,5,646,80,1),(8182,280,'2017-12-04 15:14:48',5,5,644,80,1),(8183,275,'2017-12-04 15:14:48',4,5,679,80,1),(8184,259,'2017-12-04 15:14:48',3,5,628,80,1),(8185,269,'2017-12-04 15:14:48',3,5,644,80,1),(8186,266,'2017-12-04 15:14:48',3,5,617,80,1),(8187,270,'2017-12-04 15:14:48',4,5,615,80,1),(8188,271,'2017-12-04 15:14:49',4,5,626,80,1),(8189,274,'2017-12-04 15:14:49',3,5,644,80,1),(8190,262,'2017-12-04 15:14:49',2,5,691,80,1),(8191,267,'2017-12-04 15:14:49',4,5,624,80,1),(8192,268,'2017-12-04 15:14:49',4,5,688,80,1),(8193,273,'2017-12-04 15:14:50',2,5,650,80,1),(8194,263,'2017-12-04 15:14:50',3,5,616,80,1),(8195,272,'2017-12-04 15:14:50',2,5,687,80,1),(8196,265,'2017-12-04 15:14:50',4,5,619,80,1),(8197,259,'2017-12-04 15:14:50',1,5,667,80,1),(8198,278,'2017-12-04 15:14:50',2,5,596,80,1),(8199,270,'2017-12-04 15:14:52',2,5,606,80,1),(8200,276,'2017-12-04 15:14:52',4,5,596,80,1),(8201,275,'2017-12-04 15:14:52',5,5,686,80,1),(8202,264,'2017-12-04 15:14:53',4,5,597,80,1),(8203,266,'2017-12-04 15:14:53',4,5,624,80,1),(8204,280,'2017-12-04 15:14:53',4,5,658,80,1),(8205,274,'2017-12-04 15:14:54',2,5,650,80,1),(8206,275,'2017-12-04 15:14:54',3,5,675,80,1),(8207,259,'2017-12-04 15:14:54',3,5,635,80,1),(8208,279,'2017-12-04 15:14:54',4,5,648,80,1),(8209,273,'2017-12-04 15:14:54',5,5,652,80,1),(8210,268,'2017-12-04 15:14:56',4,5,641,80,1),(8211,270,'2017-12-04 15:14:56',4,5,685,80,1),(8212,262,'2017-12-04 15:14:56',4,5,688,80,1),(8213,259,'2017-12-04 15:14:57',3,5,610,80,1),(8214,278,'2017-12-04 15:14:57',2,5,607,80,1),(8215,264,'2017-12-04 15:14:58',2,5,685,80,1),(8216,273,'2017-12-04 15:14:58',3,5,667,80,1),(8217,272,'2017-12-04 15:14:58',5,5,600,80,1),(8218,266,'2017-12-04 15:14:58',5,5,657,80,1),(8219,267,'2017-12-04 15:14:59',3,5,611,80,1),(8220,274,'2017-12-04 15:14:59',4,5,596,80,1),(8221,275,'2017-12-04 15:14:59',4,5,660,80,1),(8222,276,'2017-12-04 15:14:59',4,5,671,80,1),(8223,262,'2017-12-04 15:14:59',4,5,622,80,1),(8224,271,'2017-12-04 15:14:59',3,5,661,80,1),(8225,270,'2017-12-04 15:15:00',4,5,664,80,1),(8226,265,'2017-12-04 15:15:00',4,5,634,80,1),(8227,259,'2017-12-04 15:15:01',3,5,622,80,1),(8228,280,'2017-12-04 15:15:02',5,5,676,80,1),(8229,266,'2017-12-04 15:15:02',4,5,595,80,1),(8230,274,'2017-12-04 15:15:02',3,5,619,80,1),(8231,276,'2017-12-04 15:15:02',4,5,610,80,1),(8232,270,'2017-12-04 15:15:04',5,5,599,80,1),(8233,269,'2017-12-04 15:15:04',3,5,667,80,1),(8234,278,'2017-12-04 15:15:04',4,5,661,80,1),(8235,262,'2017-12-04 15:15:04',3,5,673,80,1),(8236,275,'2017-12-04 15:15:05',1,5,650,80,1),(8237,264,'2017-12-04 15:15:05',1,5,605,80,1),(8238,267,'2017-12-04 15:15:05',4,5,654,80,1),(8239,271,'2017-12-04 15:15:06',3,5,637,80,1),(8240,266,'2017-12-04 15:15:06',3,5,619,80,1),(8241,273,'2017-12-04 15:15:06',2,5,620,80,1),(8242,276,'2017-12-04 15:15:06',3,5,619,80,1),(8243,270,'2017-12-04 15:15:07',4,5,638,80,1),(8244,275,'2017-12-04 15:15:07',1,5,692,80,1),(8245,259,'2017-12-04 15:15:07',2,5,655,80,1),(8246,265,'2017-12-04 15:15:07',3,5,638,80,1),(8247,262,'2017-12-04 15:15:07',3,5,644,80,1),(8248,278,'2017-12-04 15:15:08',3,5,688,80,1),(8249,274,'2017-12-04 15:15:08',3,5,695,80,1),(8250,279,'2017-12-04 15:15:08',3,5,609,80,1),(8251,280,'2017-12-04 15:15:08',2,5,606,80,1),(8252,267,'2017-12-04 15:15:08',2,5,668,80,1),(8253,263,'2017-12-04 15:15:08',3,5,672,80,1),(8254,273,'2017-12-04 15:15:09',2,5,666,80,1),(8255,266,'2017-12-04 15:15:10',2,5,676,80,1),(8256,271,'2017-12-04 15:15:11',3,5,640,80,1),(8257,270,'2017-12-04 15:15:11',4,5,690,80,1),(8258,259,'2017-12-04 15:15:11',4,5,617,80,1),(8259,275,'2017-12-04 15:15:12',3,5,649,80,1),(8260,267,'2017-12-04 15:15:12',5,5,599,80,1),(8261,269,'2017-12-04 15:15:13',3,5,663,80,1),(8262,272,'2017-12-04 15:15:13',4,5,646,80,1),(8263,276,'2017-12-04 15:15:13',4,5,691,80,1),(8264,264,'2017-12-04 15:15:13',2,5,668,80,1),(8265,280,'2017-12-04 15:15:13',2,5,667,80,1),(8266,263,'2017-12-04 15:15:13',1,5,607,80,1),(8267,262,'2017-12-04 15:15:13',3,5,603,80,1),(8268,278,'2017-12-04 15:15:13',4,5,676,80,1),(8269,265,'2017-12-04 15:15:14',4,5,654,80,1),(8270,275,'2017-12-04 15:15:14',2,5,629,80,1),(8271,266,'2017-12-04 15:15:14',4,5,652,80,1),(8272,259,'2017-12-04 15:15:14',4,5,638,80,1),(8273,274,'2017-12-04 15:15:15',4,5,671,80,1),(8274,267,'2017-12-04 15:15:16',3,5,606,80,1),(8275,263,'2017-12-04 15:15:17',2,5,606,80,1),(8276,259,'2017-12-04 15:15:17',2,5,643,80,1),(8277,275,'2017-12-04 15:15:17',2,5,632,80,1),(8278,265,'2017-12-04 15:15:18',3,5,656,80,1),(8279,272,'2017-12-04 15:15:18',4,5,668,80,1),(8280,278,'2017-12-04 15:15:18',3,5,635,80,1),(8281,273,'2017-12-04 15:15:18',2,5,636,80,1),(8282,266,'2017-12-04 15:15:18',3,5,642,80,1),(8283,274,'2017-12-04 15:15:19',3,5,605,80,1),(8284,262,'2017-12-04 15:15:19',4,5,632,80,1),(8285,267,'2017-12-04 15:15:19',4,5,657,80,1),(8286,269,'2017-12-04 15:15:19',5,5,613,80,1),(8287,263,'2017-12-04 15:15:20',1,5,650,80,1),(8288,276,'2017-12-04 15:15:20',4,5,641,80,1),(8289,280,'2017-12-04 15:15:20',2,5,685,80,1),(8290,259,'2017-12-04 15:15:20',2,5,599,80,1),(8291,265,'2017-12-04 15:15:21',3,5,668,80,1),(8292,264,'2017-12-04 15:15:21',4,5,660,80,1),(8293,275,'2017-12-04 15:15:21',2,5,619,80,1),(8294,262,'2017-12-04 15:15:22',4,5,678,80,1),(8295,278,'2017-12-04 15:15:22',2,5,675,80,1),(8296,272,'2017-12-04 15:15:22',5,5,656,80,1),(8297,279,'2017-12-04 15:15:22',4,5,599,80,1),(8298,266,'2017-12-04 15:15:23',5,5,656,80,1),(8299,274,'2017-12-04 15:15:23',3,5,656,80,1),(8300,259,'2017-12-04 15:15:23',2,5,673,80,1),(8301,263,'2017-12-04 15:15:23',3,5,625,80,1),(8302,276,'2017-12-04 15:15:23',4,5,604,80,1),(8303,268,'2017-12-04 15:15:24',4,5,664,80,1),(8304,267,'2017-12-04 15:15:24',5,5,600,80,1),(8305,265,'2017-12-04 15:15:24',4,5,646,80,1),(8306,271,'2017-12-04 15:15:24',4,5,601,80,1),(8307,280,'2017-12-04 15:15:25',4,5,659,80,1),(8308,278,'2017-12-04 15:15:25',3,5,656,80,1),(8309,270,'2017-12-04 15:15:25',4,5,671,80,1),(8310,275,'2017-12-04 15:15:25',3,5,635,80,1),(8311,262,'2017-12-04 15:15:26',3,5,646,80,1),(8312,276,'2017-12-04 15:15:26',4,5,677,80,1),(8313,259,'2017-12-04 15:15:26',2,5,620,80,1),(8314,272,'2017-12-04 15:15:27',3,5,650,80,1),(8315,266,'2017-12-04 15:15:27',4,5,626,80,1),(8316,278,'2017-12-04 15:15:28',1,5,670,80,1),(8317,274,'2017-12-04 15:15:29',3,5,615,80,1),(8318,275,'2017-12-04 15:15:30',4,5,659,80,1),(8319,265,'2017-12-04 15:15:30',3,5,651,80,1),(8320,273,'2017-12-04 15:15:30',2,5,619,80,1),(8321,259,'2017-12-04 15:15:30',2,5,648,80,1),(8322,272,'2017-12-04 15:15:31',4,5,629,80,1),(8323,266,'2017-12-04 15:15:31',3,5,653,80,1),(8324,262,'2017-12-04 15:15:31',4,5,671,80,1),(8325,276,'2017-12-04 15:15:31',5,5,622,80,1),(8326,267,'2017-12-04 15:15:32',5,5,691,80,1),(8327,280,'2017-12-04 15:15:32',3,5,627,80,1),(8328,278,'2017-12-04 15:15:32',2,5,686,80,1),(8329,274,'2017-12-04 15:15:32',2,5,691,80,1),(8330,259,'2017-12-04 15:15:32',2,5,642,80,1),(8331,269,'2017-12-04 15:15:32',4,5,683,80,1),(8332,279,'2017-12-04 15:15:32',4,5,688,80,1),(8333,270,'2017-12-04 15:15:33',4,5,656,80,1),(8334,265,'2017-12-04 15:15:33',3,5,645,80,1),(8335,268,'2017-12-04 15:15:33',4,5,600,80,1),(8336,262,'2017-12-04 15:15:34',3,5,663,80,1),(8337,266,'2017-12-04 15:15:34',2,5,645,80,1),(8338,259,'2017-12-04 15:15:35',2,5,605,80,1),(8339,267,'2017-12-04 15:15:35',3,5,608,80,1),(8340,271,'2017-12-04 15:15:36',2,5,650,80,1),(8341,275,'2017-12-04 15:15:36',4,5,695,80,1),(8342,263,'2017-12-04 15:15:36',3,5,641,80,1),(8343,262,'2017-12-04 15:15:36',1,5,650,80,1),(8344,276,'2017-12-04 15:15:36',4,5,662,80,1),(8345,280,'2017-12-04 15:15:37',2,5,664,80,1),(8346,259,'2017-12-04 15:15:37',3,5,612,80,1),(8347,265,'2017-12-04 15:15:37',2,5,612,80,1),(8348,274,'2017-12-04 15:15:38',3,5,651,80,1),(8349,269,'2017-12-04 15:15:38',3,5,655,80,1),(8350,267,'2017-12-04 15:15:38',3,5,648,80,1),(8351,270,'2017-12-04 15:15:38',4,5,642,80,1),(8352,268,'2017-12-04 15:15:39',5,5,665,80,1),(8353,266,'2017-12-04 15:15:39',2,5,608,80,1),(8354,275,'2017-12-04 15:15:39',1,5,630,80,1),(8355,262,'2017-12-04 15:15:40',4,5,665,80,1),(8356,276,'2017-12-04 15:15:40',3,5,687,80,1),(8357,259,'2017-12-04 15:15:40',4,5,603,80,1),(8358,263,'2017-12-04 15:15:41',4,5,604,80,1),(8359,274,'2017-12-04 15:15:41',2,5,606,80,1),(8360,267,'2017-12-04 15:15:41',4,5,596,80,1),(8361,273,'2017-12-04 15:15:41',2,5,663,80,1),(8362,275,'2017-12-04 15:15:42',2,5,665,80,1),(8363,280,'2017-12-04 15:15:42',5,5,688,80,1),(8364,265,'2017-12-04 15:15:42',3,5,672,80,1),(8365,259,'2017-12-04 15:15:43',3,5,616,80,1),(8366,276,'2017-12-04 15:15:43',3,5,630,80,1),(8367,262,'2017-12-04 15:15:43',2,5,684,80,1),(8368,275,'2017-12-04 15:15:44',3,5,622,80,1),(8369,267,'2017-12-04 15:15:44',2,5,602,80,1),(8370,262,'2017-12-04 15:15:45',1,5,606,80,1),(8371,259,'2017-12-04 15:15:45',2,5,668,80,1),(8372,272,'2017-12-04 15:15:46',3,5,625,80,1),(8373,273,'2017-12-04 15:15:46',5,5,611,80,1),(8374,266,'2017-12-04 15:15:46',2,5,630,80,1),(8375,274,'2017-12-04 15:15:46',5,5,628,80,1),(8376,276,'2017-12-04 15:15:46',4,5,665,80,1),(8377,265,'2017-12-04 15:15:47',3,5,604,80,1),(8378,275,'2017-12-04 15:15:47',4,5,678,80,1),(8379,280,'2017-12-04 15:15:48',4,5,623,80,1),(8380,262,'2017-12-04 15:15:48',2,5,605,80,1),(8381,279,'2017-12-04 15:15:48',4,5,597,80,1),(8382,259,'2017-12-04 15:15:49',2,5,618,80,1),(8383,266,'2017-12-04 15:15:49',3,5,693,80,1),(8384,276,'2017-12-04 15:15:49',4,5,659,80,1),(8385,267,'2017-12-04 15:15:49',3,5,695,80,1),(8386,275,'2017-12-04 15:15:50',3,5,654,80,1),(8387,263,'2017-12-04 15:15:51',4,5,644,80,1),(8388,268,'2017-12-04 15:15:51',4,5,610,80,1),(8389,274,'2017-12-04 15:15:51',3,5,640,80,1),(8390,259,'2017-12-04 15:15:51',4,5,596,80,1),(8391,276,'2017-12-04 15:15:51',4,5,632,80,1),(8392,280,'2017-12-04 15:15:51',3,5,677,80,1),(8393,272,'2017-12-04 15:15:52',3,5,619,80,1),(8394,265,'2017-12-04 15:15:52',4,5,611,80,1),(8395,269,'2017-12-04 15:15:52',4,5,623,80,1),(8396,266,'2017-12-04 15:15:52',2,5,609,80,1),(8397,262,'2017-12-04 15:15:53',2,5,659,80,1),(8398,267,'2017-12-04 15:15:53',2,5,616,80,1),(8399,271,'2017-12-04 15:15:53',5,5,657,80,1),(8400,275,'2017-12-04 15:15:53',4,5,671,80,1),(8401,276,'2017-12-04 15:15:54',4,5,654,80,1),(8402,263,'2017-12-04 15:15:55',2,5,613,80,1),(8403,278,'2017-12-04 15:15:55',3,5,671,80,1),(8404,264,'2017-12-04 15:15:55',4,5,648,80,1),(8405,274,'2017-12-04 15:15:56',4,5,681,80,1),(8406,266,'2017-12-04 15:15:56',5,5,611,80,1),(8407,272,'2017-12-04 15:15:56',2,5,661,80,1),(8408,275,'2017-12-04 15:15:57',2,5,661,80,1),(8409,262,'2017-12-04 15:15:57',4,5,656,80,1),(8410,279,'2017-12-04 15:15:57',3,5,695,80,1),(8411,273,'2017-12-04 15:15:58',5,5,624,80,1),(8412,276,'2017-12-04 15:15:58',4,5,626,80,1),(8413,278,'2017-12-04 15:15:58',4,5,631,80,1),(8414,268,'2017-12-04 15:15:58',3,5,633,80,1),(8415,267,'2017-12-04 15:15:59',4,5,597,80,1),(8416,263,'2017-12-04 15:15:59',4,5,596,80,1),(8417,269,'2017-12-04 15:16:00',5,5,631,80,1),(8418,271,'2017-12-04 15:16:00',5,5,598,80,1),(8419,259,'2017-12-04 15:16:00',3,5,611,80,1),(8420,276,'2017-12-04 15:16:00',4,5,676,80,1),(8421,280,'2017-12-04 15:16:00',4,5,609,80,1),(8422,265,'2017-12-04 15:16:01',2,5,609,80,1),(8423,274,'2017-12-04 15:16:01',3,5,637,80,1),(8424,266,'2017-12-04 15:16:01',3,5,604,80,1),(8425,268,'2017-12-04 15:16:01',1,5,602,80,1),(8426,262,'2017-12-04 15:16:01',3,5,641,80,1),(8427,264,'2017-12-04 15:16:02',2,5,663,80,1),(8428,267,'2017-12-04 15:16:02',3,5,633,80,1),(8429,273,'2017-12-04 15:16:03',5,5,694,80,1),(8430,270,'2017-12-04 15:16:03',4,5,654,80,1),(8431,275,'2017-12-04 15:16:03',2,5,637,80,1),(8432,278,'2017-12-04 15:16:03',2,5,658,80,1),(8433,263,'2017-12-04 15:16:04',2,5,601,80,1),(8434,259,'2017-12-04 15:16:04',4,5,678,80,1),(8435,262,'2017-12-04 15:16:04',2,5,625,80,1),(8436,276,'2017-12-04 15:16:05',4,5,648,80,1),(8437,269,'2017-12-04 15:16:06',5,5,674,80,1),(8438,266,'2017-12-04 15:16:07',4,5,674,80,1),(8439,278,'2017-12-04 15:16:07',1,5,692,80,1),(8440,274,'2017-12-04 15:16:07',4,5,658,80,1),(8441,265,'2017-12-04 15:16:08',4,5,617,80,1),(8442,271,'2017-12-04 15:16:08',4,5,663,80,1),(8443,259,'2017-12-04 15:16:08',4,5,621,80,1),(8444,280,'2017-12-04 15:16:09',3,5,595,80,1),(8445,276,'2017-12-04 15:16:09',4,5,644,80,1),(8446,268,'2017-12-04 15:16:09',4,5,623,80,1),(8447,267,'2017-12-04 15:16:10',4,5,621,80,1),(8448,266,'2017-12-04 15:16:11',1,5,607,80,1),(8449,259,'2017-12-04 15:16:11',4,5,671,80,1),(8450,279,'2017-12-04 15:16:11',4,5,621,80,1),(8451,273,'2017-12-04 15:16:11',3,5,626,80,1),(8452,262,'2017-12-04 15:16:11',2,5,692,80,1),(8453,274,'2017-12-04 15:16:12',3,5,608,80,1),(8454,270,'2017-12-04 15:16:12',5,5,607,80,1),(8455,280,'2017-12-04 15:16:12',4,5,651,80,1),(8456,276,'2017-12-04 15:16:13',4,5,674,80,1),(8457,269,'2017-12-04 15:16:13',4,5,601,80,1),(8458,262,'2017-12-04 15:16:13',2,5,693,80,1),(8459,267,'2017-12-04 15:16:14',5,5,678,80,1),(8460,259,'2017-12-04 15:16:14',2,5,636,80,1),(8461,266,'2017-12-04 15:16:14',2,5,649,80,1),(8462,265,'2017-12-04 15:16:15',4,5,653,80,1),(8463,259,'2017-12-04 15:16:16',1,5,693,80,1),(8464,276,'2017-12-04 15:16:16',3,5,693,80,1),(8465,273,'2017-12-04 15:16:16',3,5,658,80,1),(8466,268,'2017-12-04 15:16:16',4,5,680,80,1),(8467,271,'2017-12-04 15:16:17',4,5,673,80,1),(8468,267,'2017-12-04 15:16:17',2,5,607,80,1),(8469,280,'2017-12-04 15:16:17',5,5,622,80,1),(8470,259,'2017-12-04 15:16:18',2,5,694,80,1),(8471,275,'2017-12-04 15:16:18',3,5,605,80,1),(8472,274,'2017-12-04 15:16:18',5,5,657,80,1),(8473,266,'2017-12-04 15:16:18',3,5,641,80,1),(8474,265,'2017-12-04 15:16:19',3,5,685,80,1),(8475,270,'2017-12-04 15:16:19',5,5,661,80,1),(8476,263,'2017-12-04 15:16:20',4,5,642,80,1),(8477,273,'2017-12-04 15:16:20',2,5,643,80,1),(8478,276,'2017-12-04 15:16:20',4,5,686,80,1),(8479,267,'2017-12-04 15:16:20',4,5,688,80,1),(8480,279,'2017-12-04 15:16:20',3,5,679,80,1),(8481,269,'2017-12-04 15:16:21',4,5,637,80,1),(8482,259,'2017-12-04 15:16:21',3,5,637,80,1),(8483,280,'2017-12-04 15:16:21',4,5,637,80,1),(8484,262,'2017-12-04 15:16:22',3,5,639,80,1),(8485,275,'2017-12-04 15:16:22',4,5,621,80,1),(8486,265,'2017-12-04 15:16:22',2,5,690,80,1),(8487,268,'2017-12-04 15:16:23',2,5,662,80,1),(8488,273,'2017-12-04 15:16:24',4,5,617,80,1),(8489,262,'2017-12-04 15:16:24',2,5,642,80,1),(8490,271,'2017-12-04 15:16:24',2,5,638,80,1),(8491,266,'2017-12-04 15:16:24',3,5,597,80,1),(8492,263,'2017-12-04 15:16:25',5,5,656,80,1),(8493,275,'2017-12-04 15:16:25',4,5,645,80,1),(8494,267,'2017-12-04 15:16:26',3,5,673,80,1),(8495,270,'2017-12-04 15:16:26',4,5,687,80,1),(8496,280,'2017-12-04 15:16:27',3,5,646,80,1),(8497,262,'2017-12-04 15:16:27',4,5,674,80,1),(8498,259,'2017-12-04 15:16:27',2,5,644,80,1),(8499,274,'2017-12-04 15:16:28',4,5,645,80,1),(8500,266,'2017-12-04 15:16:28',4,5,695,80,1),(8501,273,'2017-12-04 15:16:28',5,5,623,80,1),(8502,276,'2017-12-04 15:16:28',4,5,652,80,1),(8503,272,'2017-12-04 15:16:28',4,5,597,80,1),(8504,275,'2017-12-04 15:16:29',4,5,607,80,1),(8505,263,'2017-12-04 15:16:29',4,5,649,80,1),(8506,265,'2017-12-04 15:16:29',1,5,630,80,1),(8507,267,'2017-12-04 15:16:29',4,5,623,80,1),(8508,262,'2017-12-04 15:16:30',2,5,687,80,1),(8509,259,'2017-12-04 15:16:31',1,5,613,80,1),(8510,269,'2017-12-04 15:16:31',3,5,651,80,1),(8511,266,'2017-12-04 15:16:31',4,5,620,80,1),(8512,268,'2017-12-04 15:16:32',3,5,683,80,1),(8513,264,'2017-12-04 15:16:32',3,5,665,80,1),(8514,276,'2017-12-04 15:16:32',4,5,599,80,1),(8515,275,'2017-12-04 15:16:33',3,5,689,80,1),(8516,273,'2017-12-04 15:16:33',3,5,637,80,1),(8517,259,'2017-12-04 15:16:34',2,5,633,80,1),(8518,267,'2017-12-04 15:16:34',5,5,629,80,1),(8519,274,'2017-12-04 15:16:35',4,5,601,80,1),(8520,278,'2017-12-04 15:16:35',2,5,599,80,1),(8521,272,'2017-12-04 15:16:35',3,5,604,80,1),(8522,270,'2017-12-04 15:16:35',5,5,619,80,1),(8523,265,'2017-12-04 15:16:36',5,5,628,80,1),(8524,271,'2017-12-04 15:16:36',3,5,659,80,1),(8525,263,'2017-12-04 15:16:36',3,5,663,80,1),(8526,266,'2017-12-04 15:16:37',4,5,636,80,1),(8527,276,'2017-12-04 15:16:37',4,5,634,80,1),(8528,262,'2017-12-04 15:16:37',5,5,652,80,1),(8529,268,'2017-12-04 15:16:38',1,5,661,80,1),(8530,259,'2017-12-04 15:16:38',1,5,630,80,1),(8531,275,'2017-12-04 15:16:38',4,5,641,80,1),(8532,273,'2017-12-04 15:16:38',5,5,599,80,1),(8533,269,'2017-12-04 15:16:39',4,5,618,80,1),(8534,278,'2017-12-04 15:16:39',4,5,628,80,1),(8535,267,'2017-12-04 15:16:39',4,5,667,80,1),(8536,276,'2017-12-04 15:16:41',4,5,651,80,1),(8537,259,'2017-12-04 15:16:41',1,5,646,80,1),(8538,263,'2017-12-04 15:16:41',3,5,662,80,1),(8539,262,'2017-12-04 15:16:42',4,5,637,80,1),(8540,270,'2017-12-04 15:16:42',5,5,623,80,1),(8541,275,'2017-12-04 15:16:42',3,5,666,80,1),(8542,267,'2017-12-04 15:16:42',5,5,644,80,1),(8543,266,'2017-12-04 15:16:42',5,5,658,80,1),(8544,273,'2017-12-04 15:16:43',2,5,682,80,1),(8545,265,'2017-12-04 15:16:43',3,5,661,80,1),(8546,279,'2017-12-04 15:16:43',4,5,613,80,1),(8547,259,'2017-12-04 15:16:43',2,5,598,80,1),(8548,269,'2017-12-04 15:16:44',3,5,659,80,1),(8549,274,'2017-12-04 15:16:44',4,5,672,80,1),(8550,278,'2017-12-04 15:16:44',3,5,595,80,1),(8551,262,'2017-12-04 15:16:44',4,5,617,80,1),(8552,271,'2017-12-04 15:16:44',2,5,668,80,1),(8553,276,'2017-12-04 15:16:44',3,5,621,80,1),(8554,267,'2017-12-04 15:16:45',3,5,677,80,1),(8555,268,'2017-12-04 15:16:45',3,5,629,80,1),(8556,259,'2017-12-04 15:16:46',2,5,647,80,1),(8557,272,'2017-12-04 15:16:46',4,5,612,80,1),(8558,275,'2017-12-04 15:16:46',4,5,657,80,1),(8559,273,'2017-12-04 15:16:46',4,5,679,80,1),(8560,263,'2017-12-04 15:16:46',5,5,669,80,1),(8561,265,'2017-12-04 15:16:46',3,5,683,80,1),(8562,266,'2017-12-04 15:16:47',2,5,638,80,1),(8563,276,'2017-12-04 15:16:47',2,5,602,80,1),(8564,259,'2017-12-04 15:16:48',2,5,632,80,1),(8565,270,'2017-12-04 15:16:48',4,5,644,80,1),(8566,280,'2017-12-04 15:16:49',4,5,599,80,1),(8567,278,'2017-12-04 15:16:50',5,5,617,80,1),(8568,259,'2017-12-04 15:16:50',1,5,602,80,1),(8569,279,'2017-12-04 15:16:50',2,5,607,80,1),(8570,267,'2017-12-04 15:16:50',4,5,682,80,1),(8571,274,'2017-12-04 15:16:50',3,5,683,80,1),(8572,266,'2017-12-04 15:16:51',2,5,625,80,1),(8573,269,'2017-12-04 15:16:51',4,5,656,80,1),(8574,276,'2017-12-04 15:16:51',3,5,690,80,1),(8575,268,'2017-12-04 15:16:51',4,5,675,80,1),(8576,271,'2017-12-04 15:16:52',3,5,681,80,1),(8577,272,'2017-12-04 15:16:52',4,5,595,80,1),(8578,275,'2017-12-04 15:16:52',2,5,673,80,1),(8579,273,'2017-12-04 15:16:52',5,5,628,80,1),(8580,265,'2017-12-04 15:16:54',3,5,691,80,1),(8581,269,'2017-12-04 15:16:54',2,5,687,80,1),(8582,280,'2017-12-04 15:16:54',3,5,694,80,1),(8583,266,'2017-12-04 15:16:54',4,5,623,80,1),(8584,270,'2017-12-04 15:16:54',4,5,647,80,1),(8585,267,'2017-12-04 15:16:54',3,5,620,80,1),(8586,262,'2017-12-04 15:16:55',4,5,610,80,1),(8587,276,'2017-12-04 15:16:55',4,5,628,80,1),(8588,268,'2017-12-04 15:16:55',2,5,637,80,1),(8589,274,'2017-12-04 15:16:55',2,5,668,80,1),(8590,264,'2017-12-04 15:16:55',2,5,673,80,1),(8591,272,'2017-12-04 15:16:56',4,5,644,80,1),(8592,259,'2017-12-04 15:16:56',1,5,658,80,1),(8593,273,'2017-12-04 15:16:57',3,5,635,80,1),(8594,275,'2017-12-04 15:16:58',3,5,663,80,1),(8595,262,'2017-12-04 15:16:58',5,5,623,80,1),(8596,266,'2017-12-04 15:16:58',5,5,683,80,1),(8597,263,'2017-12-04 15:16:59',5,5,597,80,1),(8598,265,'2017-12-04 15:16:59',4,5,641,80,1),(8599,278,'2017-12-04 15:16:59',3,5,693,80,1),(8600,269,'2017-12-04 15:16:59',3,5,632,80,1),(8601,271,'2017-12-04 15:17:00',1,5,630,80,1),(8602,267,'2017-12-04 15:17:00',4,5,615,80,1),(8603,264,'2017-12-04 15:17:00',2,5,655,80,1),(8604,259,'2017-12-04 15:17:00',3,5,651,80,1),(8605,275,'2017-12-04 15:17:00',2,5,662,80,1),(8606,270,'2017-12-04 15:17:01',5,5,628,80,1),(8607,279,'2017-12-04 15:17:01',5,5,674,80,1),(8608,266,'2017-12-04 15:17:02',4,5,664,80,1),(8609,274,'2017-12-04 15:17:02',4,5,599,80,1),(8610,276,'2017-12-04 15:17:03',3,5,645,80,1),(8611,278,'2017-12-04 15:17:03',2,5,606,80,1),(8612,267,'2017-12-04 15:17:03',5,5,686,80,1),(8613,262,'2017-12-04 15:17:04',3,5,676,80,1),(8614,259,'2017-12-04 15:17:04',2,5,662,80,1),(8615,265,'2017-12-04 15:17:05',3,5,600,80,1),(8616,266,'2017-12-04 15:17:06',2,5,635,80,1),(8617,262,'2017-12-04 15:17:07',3,5,675,80,1),(8618,263,'2017-12-04 15:17:07',2,5,621,80,1),(8619,267,'2017-12-04 15:17:07',4,5,681,80,1),(8620,271,'2017-12-04 15:17:07',5,5,634,80,1),(8621,268,'2017-12-04 15:17:07',2,5,695,80,1),(8622,275,'2017-12-04 15:17:08',4,5,610,80,1),(8623,278,'2017-12-04 15:17:08',3,5,640,80,1),(8624,274,'2017-12-04 15:17:08',3,5,642,80,1),(8625,266,'2017-12-04 15:17:09',2,5,679,80,1),(8626,269,'2017-12-04 15:17:09',4,5,660,80,1),(8627,262,'2017-12-04 15:17:10',3,5,619,80,1),(8628,270,'2017-12-04 15:17:10',4,5,632,80,1),(8629,267,'2017-12-04 15:17:10',5,5,595,80,1),(8630,275,'2017-12-04 15:17:10',3,5,668,80,1),(8631,263,'2017-12-04 15:17:11',4,5,629,80,1),(8632,259,'2017-12-04 15:17:11',4,5,614,80,1),(8633,265,'2017-12-04 15:17:12',4,5,677,80,1),(8634,276,'2017-12-04 15:17:12',4,5,661,80,1),(8635,266,'2017-12-04 15:17:12',2,5,662,80,1),(8636,259,'2017-12-04 15:17:14',2,5,675,80,1),(8637,265,'2017-12-04 15:17:14',3,5,675,80,1),(8638,280,'2017-12-04 15:17:15',4,5,614,80,1),(8639,270,'2017-12-04 15:17:15',3,5,633,80,1),(8640,264,'2017-12-04 15:17:16',3,5,626,80,1),(8641,274,'2017-12-04 15:17:16',4,5,626,80,1),(8642,276,'2017-12-04 15:17:16',4,5,694,80,1),(8643,267,'2017-12-04 15:17:16',4,5,603,80,1),(8644,259,'2017-12-04 15:17:17',2,5,625,80,1),(8645,278,'2017-12-04 15:17:17',4,5,647,80,1),(8646,265,'2017-12-04 15:17:17',3,5,689,80,1),(8647,262,'2017-12-04 15:17:18',3,5,629,80,1),(8648,276,'2017-12-04 15:17:18',3,5,605,80,1),(8649,259,'2017-12-04 15:17:20',3,5,677,80,1),(8650,276,'2017-12-04 15:17:21',4,5,597,80,1),(8651,275,'2017-12-04 15:17:21',3,5,633,80,1),(8652,262,'2017-12-04 15:17:21',4,5,653,80,1),(8653,268,'2017-12-04 15:17:21',3,5,671,80,1),(8654,265,'2017-12-04 15:17:22',4,5,610,80,1),(8655,274,'2017-12-04 15:17:22',2,5,661,80,1),(8656,271,'2017-12-04 15:17:22',3,5,654,80,1),(8657,279,'2017-12-04 15:17:22',3,5,659,80,1),(8658,259,'2017-12-04 15:17:22',1,5,627,80,1),(8659,269,'2017-12-04 15:17:23',4,5,626,80,1),(8660,270,'2017-12-04 15:17:23',4,5,672,80,1),(8661,273,'2017-12-04 15:17:23',1,5,684,80,1),(8662,278,'2017-12-04 15:17:23',4,5,678,80,1),(8663,276,'2017-12-04 15:17:23',3,5,642,80,1),(8664,275,'2017-12-04 15:17:24',2,5,658,80,1),(8665,262,'2017-12-04 15:17:24',2,5,636,80,1),(8666,267,'2017-12-04 15:17:24',4,5,672,80,1),(8667,259,'2017-12-04 15:17:25',1,5,680,80,1),(8668,265,'2017-12-04 15:17:26',4,5,598,80,1),(8669,276,'2017-12-04 15:17:26',3,5,675,80,1),(8670,275,'2017-12-04 15:17:27',2,5,644,80,1),(8671,273,'2017-12-04 15:17:27',3,5,647,80,1),(8672,263,'2017-12-04 15:17:28',4,5,609,80,1),(8673,274,'2017-12-04 15:17:28',2,5,643,80,1),(8674,270,'2017-12-04 15:17:28',2,5,630,80,1),(8675,259,'2017-12-04 15:17:28',2,5,676,80,1),(8676,271,'2017-12-04 15:17:28',3,5,666,80,1),(8677,266,'2017-12-04 15:17:28',5,5,669,80,1),(8678,267,'2017-12-04 15:17:29',4,5,670,80,1),(8679,276,'2017-12-04 15:17:29',5,5,614,80,1),(8680,268,'2017-12-04 15:17:29',2,5,668,80,1),(8681,265,'2017-12-04 15:17:30',2,5,602,80,1),(8682,278,'2017-12-04 15:17:30',3,5,662,80,1),(8683,275,'2017-12-04 15:17:30',4,5,598,80,1),(8684,259,'2017-12-04 15:17:31',4,5,659,80,1),(8685,269,'2017-12-04 15:17:31',4,5,658,80,1),(8686,279,'2017-12-04 15:17:31',5,5,644,80,1),(8687,270,'2017-12-04 15:17:31',4,5,655,80,1),(8688,267,'2017-12-04 15:17:32',3,5,662,80,1),(8689,265,'2017-12-04 15:17:32',1,5,670,80,1),(8690,276,'2017-12-04 15:17:32',5,5,625,80,1),(8691,262,'2017-12-04 15:17:33',3,5,680,80,1),(8692,273,'2017-12-04 15:17:33',3,5,618,80,1),(8693,266,'2017-12-04 15:17:33',2,5,633,80,1),(8694,280,'2017-12-04 15:17:33',5,5,680,80,1),(8695,259,'2017-12-04 15:17:33',2,5,690,80,1),(8696,275,'2017-12-04 15:17:35',2,5,667,80,1),(8697,274,'2017-12-04 15:17:35',4,5,611,80,1),(8698,265,'2017-12-04 15:17:35',3,5,666,80,1),(8699,270,'2017-12-04 15:17:36',3,5,621,80,1),(8700,262,'2017-12-04 15:17:36',3,5,655,80,1),(8701,276,'2017-12-04 15:17:36',5,5,655,80,1),(8702,268,'2017-12-04 15:17:36',2,5,657,80,1),(8703,266,'2017-12-04 15:17:36',3,5,663,80,1),(8704,273,'2017-12-04 15:17:38',2,5,653,80,1),(8705,269,'2017-12-04 15:17:38',5,5,669,80,1),(8706,276,'2017-12-04 15:17:38',2,5,636,80,1),(8707,259,'2017-12-04 15:17:39',3,5,652,80,1),(8708,278,'2017-12-04 15:17:39',4,5,634,80,1),(8709,267,'2017-12-04 15:17:39',5,5,628,80,1),(8710,271,'2017-12-04 15:17:39',2,5,604,80,1),(8711,266,'2017-12-04 15:17:39',5,5,644,80,1),(8712,268,'2017-12-04 15:17:40',2,5,670,80,1),(8713,262,'2017-12-04 15:17:40',1,5,690,80,1),(8714,270,'2017-12-04 15:17:40',4,5,676,80,1),(8715,265,'2017-12-04 15:17:41',3,5,694,80,1),(8716,274,'2017-12-04 15:17:41',1,5,627,80,1),(8717,276,'2017-12-04 15:17:41',3,5,685,80,1),(8718,279,'2017-12-04 15:17:42',4,5,640,80,1),(8719,273,'2017-12-04 15:17:42',1,5,630,80,1),(8720,262,'2017-12-04 15:17:43',2,5,609,80,1),(8721,266,'2017-12-04 15:17:43',3,5,614,80,1),(8722,278,'2017-12-04 15:17:43',4,5,677,80,1),(8723,263,'2017-12-04 15:17:44',4,5,679,80,1),(8724,274,'2017-12-04 15:17:44',2,5,609,80,1),(8725,276,'2017-12-04 15:17:45',3,5,640,80,1),(8726,268,'2017-12-04 15:17:45',4,5,678,80,1),(8727,273,'2017-12-04 15:17:45',3,5,695,80,1),(8728,262,'2017-12-04 15:17:46',4,5,651,80,1),(8729,278,'2017-12-04 15:17:46',2,5,687,80,1),(8730,266,'2017-12-04 15:17:46',2,5,694,80,1),(8731,270,'2017-12-04 15:17:47',4,5,610,80,1),(8732,269,'2017-12-04 15:17:48',3,5,609,80,1),(8733,274,'2017-12-04 15:17:49',3,5,654,80,1),(8734,278,'2017-12-04 15:17:49',2,5,663,80,1),(8735,276,'2017-12-04 15:17:49',2,5,613,80,1),(8736,273,'2017-12-04 15:17:49',4,5,649,80,1),(8737,268,'2017-12-04 15:17:49',1,5,627,80,1),(8738,279,'2017-12-04 15:17:49',2,5,642,80,1),(8739,266,'2017-12-04 15:17:50',5,5,629,80,1),(8740,280,'2017-12-04 15:17:50',2,5,603,80,1),(8741,267,'2017-12-04 15:17:51',4,5,647,80,1),(8742,271,'2017-12-04 15:17:51',2,5,631,80,1),(8743,265,'2017-12-04 15:17:52',3,5,647,80,1),(8744,262,'2017-12-04 15:17:52',4,5,654,80,1),(8745,274,'2017-12-04 15:17:52',4,5,690,80,1),(8746,266,'2017-12-04 15:17:53',2,5,606,80,1),(8747,276,'2017-12-04 15:17:54',1,5,607,80,1),(8748,273,'2017-12-04 15:17:54',1,5,672,80,1),(8749,262,'2017-12-04 15:17:55',4,5,649,80,1),(8750,271,'2017-12-04 15:17:55',2,5,655,80,1),(8751,275,'2017-12-04 15:17:56',2,5,609,80,1),(8752,276,'2017-12-04 15:17:57',2,5,664,80,1),(8753,266,'2017-12-04 15:17:57',5,5,684,80,1),(8754,268,'2017-12-04 15:17:57',4,5,658,80,1),(8755,273,'2017-12-04 15:17:57',2,5,616,80,1),(8756,278,'2017-12-04 15:17:57',3,5,668,80,1),(8757,267,'2017-12-04 15:17:57',5,5,674,80,1),(8758,265,'2017-12-04 15:17:58',3,5,603,80,1),(8759,274,'2017-12-04 15:17:59',3,5,675,80,1),(8760,271,'2017-12-04 15:17:59',2,5,620,80,1),(8761,269,'2017-12-04 15:17:59',5,5,599,80,1),(8762,276,'2017-12-04 15:18:00',2,5,647,80,1),(8763,262,'2017-12-04 15:18:00',4,5,695,80,1),(8764,268,'2017-12-04 15:18:00',2,5,642,80,1),(8765,264,'2017-12-04 15:18:00',3,5,666,80,1),(8766,267,'2017-12-04 15:18:00',1,5,609,80,1),(8767,266,'2017-12-04 15:18:00',2,5,646,80,1),(8768,280,'2017-12-04 15:18:00',2,5,636,80,1),(8769,275,'2017-12-04 15:18:01',4,5,652,80,1),(8770,265,'2017-12-04 15:18:01',2,5,650,80,1),(8771,276,'2017-12-04 15:18:02',1,5,606,80,1),(8772,270,'2017-12-04 15:18:02',4,5,649,80,1),(8773,267,'2017-12-04 15:18:02',1,5,650,80,1),(8774,274,'2017-12-04 15:18:03',3,5,598,80,1),(8775,262,'2017-12-04 15:18:03',3,5,686,80,1),(8776,268,'2017-12-04 15:18:04',1,5,692,80,1),(8777,266,'2017-12-04 15:18:04',4,5,599,80,1),(8778,280,'2017-12-04 15:18:04',3,5,601,80,1),(8779,267,'2017-12-04 15:18:04',1,5,630,80,1),(8780,272,'2017-12-04 15:18:05',4,5,664,80,1),(8781,276,'2017-12-04 15:18:06',1,5,620,80,1),(8782,279,'2017-12-04 15:18:06',3,5,672,80,1),(8783,271,'2017-12-04 15:18:07',3,5,608,80,1),(8784,262,'2017-12-04 15:18:07',5,5,599,80,1),(8785,269,'2017-12-04 15:18:07',2,5,692,80,1),(8786,268,'2017-12-04 15:18:07',3,5,689,80,1),(8787,274,'2017-12-04 15:18:07',2,5,673,80,1),(8788,266,'2017-12-04 15:18:08',4,5,680,80,1),(8789,276,'2017-12-04 15:18:08',1,5,617,80,1),(8790,265,'2017-12-04 15:18:08',3,5,613,80,1),(8791,275,'2017-12-04 15:18:08',4,5,623,80,1),(8792,267,'2017-12-04 15:18:08',4,5,617,80,1),(8793,278,'2017-12-04 15:18:10',4,5,637,80,1),(8794,262,'2017-12-04 15:18:11',3,5,683,80,1),(8795,265,'2017-12-04 15:18:12',2,5,616,80,1),(8796,270,'2017-12-04 15:18:12',5,5,637,80,1),(8797,272,'2017-12-04 15:18:12',5,5,611,80,1),(8798,280,'2017-12-04 15:18:12',4,5,645,80,1),(8799,266,'2017-12-04 15:18:13',2,5,605,80,1),(8800,263,'2017-12-04 15:18:13',3,5,608,80,1),(8801,262,'2017-12-04 15:18:13',3,5,685,80,1),(8802,268,'2017-12-04 15:18:13',3,5,619,80,1),(8803,265,'2017-12-04 15:18:15',4,5,632,80,1),(8804,272,'2017-12-04 15:18:16',2,5,602,80,1),(8805,275,'2017-12-04 15:18:16',3,5,691,80,1),(8806,274,'2017-12-04 15:18:16',2,5,638,80,1),(8807,269,'2017-12-04 15:18:16',3,5,681,80,1),(8808,266,'2017-12-04 15:18:16',3,5,616,80,1),(8809,270,'2017-12-04 15:18:17',4,5,611,80,1),(8810,267,'2017-12-04 15:18:17',3,5,641,80,1),(8811,263,'2017-12-04 15:18:17',5,5,681,80,1),(8812,262,'2017-12-04 15:18:18',4,5,611,80,1),(8813,265,'2017-12-04 15:18:19',4,5,686,80,1),(8814,275,'2017-12-04 15:18:19',3,5,655,80,1),(8815,266,'2017-12-04 15:18:20',2,5,655,80,1),(8816,270,'2017-12-04 15:18:20',2,5,662,80,1),(8817,263,'2017-12-04 15:18:20',1,5,670,80,1),(8818,268,'2017-12-04 15:18:20',3,5,685,80,1),(8819,272,'2017-12-04 15:18:21',3,5,613,80,1),(8820,274,'2017-12-04 15:18:21',4,5,649,80,1),(8821,269,'2017-12-04 15:18:22',1,5,627,80,1),(8822,276,'2017-12-04 15:18:22',1,5,631,80,1),(8823,267,'2017-12-04 15:18:22',5,5,690,80,1),(8824,278,'2017-12-04 15:18:22',1,5,643,80,1),(8825,271,'2017-12-04 15:18:23',3,5,629,80,1),(8826,262,'2017-12-04 15:18:23',4,5,596,80,1),(8827,279,'2017-12-04 15:18:23',4,5,622,80,1),(8828,275,'2017-12-04 15:18:23',4,5,694,80,1),(8829,266,'2017-12-04 15:18:24',3,5,640,80,1),(8830,265,'2017-12-04 15:18:24',4,5,657,80,1),(8831,272,'2017-12-04 15:18:24',3,5,682,80,1),(8832,267,'2017-12-04 15:18:24',3,5,663,80,1),(8833,269,'2017-12-04 15:18:25',2,5,616,80,1),(8834,263,'2017-12-04 15:18:25',1,5,661,80,1),(8835,274,'2017-12-04 15:18:26',4,5,646,80,1),(8836,276,'2017-12-04 15:18:26',1,5,600,80,1),(8837,275,'2017-12-04 15:18:27',5,5,677,80,1),(8838,266,'2017-12-04 15:18:27',4,5,673,80,1),(8839,265,'2017-12-04 15:18:27',3,5,625,80,1),(8840,268,'2017-12-04 15:18:27',3,5,679,80,1),(8841,267,'2017-12-04 15:18:28',4,5,622,80,1),(8842,272,'2017-12-04 15:18:28',3,5,693,80,1),(8843,263,'2017-12-04 15:18:28',4,5,624,80,1),(8844,262,'2017-12-04 15:18:28',4,5,658,80,1),(8845,269,'2017-12-04 15:18:29',3,5,636,80,1),(8846,276,'2017-12-04 15:18:29',1,5,680,80,1),(8847,275,'2017-12-04 15:18:29',4,5,651,80,1),(8848,268,'2017-12-04 15:18:30',1,5,687,80,1),(8849,266,'2017-12-04 15:18:31',4,5,631,80,1),(8850,265,'2017-12-04 15:18:31',3,5,629,80,1),(8851,276,'2017-12-04 15:18:31',1,5,667,80,1),(8852,262,'2017-12-04 15:18:31',3,5,638,80,1),(8853,272,'2017-12-04 15:18:32',2,5,670,80,1),(8854,274,'2017-12-04 15:18:33',4,5,688,80,1),(8855,267,'2017-12-04 15:18:34',4,5,604,80,1),(8856,270,'2017-12-04 15:18:34',3,5,666,80,1),(8857,275,'2017-12-04 15:18:34',3,5,676,80,1),(8858,279,'2017-12-04 15:18:34',5,5,649,80,1),(8859,266,'2017-12-04 15:18:34',4,5,600,80,1),(8860,280,'2017-12-04 15:18:34',4,5,624,80,1),(8861,278,'2017-12-04 15:18:35',2,5,600,80,1),(8862,269,'2017-12-04 15:18:35',3,5,677,80,1),(8863,276,'2017-12-04 15:18:35',1,5,633,80,1),(8864,265,'2017-12-04 15:18:35',2,5,684,80,1),(8865,262,'2017-12-04 15:18:35',4,5,601,80,1),(8866,268,'2017-12-04 15:18:36',5,5,628,80,1),(8867,271,'2017-12-04 15:18:36',4,5,695,80,1),(8868,272,'2017-12-04 15:18:36',3,5,648,80,1),(8869,274,'2017-12-04 15:18:36',2,5,610,80,1),(8870,276,'2017-12-04 15:18:37',1,5,660,80,1),(8871,280,'2017-12-04 15:18:38',4,5,612,80,1),(8872,275,'2017-12-04 15:18:38',3,5,683,80,1),(8873,266,'2017-12-04 15:18:38',3,5,687,80,1),(8874,278,'2017-12-04 15:18:38',3,5,654,80,1),(8875,265,'2017-12-04 15:18:38',3,5,679,80,1),(8876,262,'2017-12-04 15:18:40',2,5,607,80,1),(8877,270,'2017-12-04 15:18:40',3,5,677,80,1),(8878,280,'2017-12-04 15:18:40',3,5,654,80,1),(8879,275,'2017-12-04 15:18:41',1,5,693,80,1),(8880,267,'2017-12-04 15:18:41',4,5,612,80,1),(8881,276,'2017-12-04 15:18:41',1,5,656,80,1),(8882,274,'2017-12-04 15:18:41',4,5,653,80,1),(8883,264,'2017-12-04 15:18:42',3,5,622,80,1),(8884,265,'2017-12-04 15:18:42',4,5,674,80,1),(8885,275,'2017-12-04 15:18:43',1,5,687,80,1),(8886,280,'2017-12-04 15:18:43',3,5,690,80,1),(8887,276,'2017-12-04 15:18:43',1,5,609,80,1),(8888,266,'2017-12-04 15:18:43',4,5,603,80,1),(8889,279,'2017-12-04 15:18:43',3,5,633,80,1),(8890,262,'2017-12-04 15:18:44',3,5,682,80,1),(8891,268,'2017-12-04 15:18:44',4,5,632,80,1),(8892,269,'2017-12-04 15:18:44',4,5,614,80,1),(8893,278,'2017-12-04 15:18:45',2,5,623,80,1),(8894,274,'2017-12-04 15:18:45',3,5,648,80,1),(8895,265,'2017-12-04 15:18:45',3,5,673,80,1),(8896,275,'2017-12-04 15:18:46',3,5,613,80,1),(8897,276,'2017-12-04 15:18:46',2,5,653,80,1),(8898,280,'2017-12-04 15:18:47',2,5,691,80,1),(8899,266,'2017-12-04 15:18:47',4,5,612,80,1),(8900,270,'2017-12-04 15:18:47',3,5,629,80,1),(8901,267,'2017-12-04 15:18:47',4,5,619,80,1),(8902,276,'2017-12-04 15:18:48',3,5,666,80,1),(8903,271,'2017-12-04 15:18:49',3,5,679,80,1),(8904,262,'2017-12-04 15:18:49',2,5,666,80,1),(8905,264,'2017-12-04 15:18:49',3,5,612,80,1),(8906,275,'2017-12-04 15:18:49',5,5,597,80,1),(8907,265,'2017-12-04 15:18:49',4,5,631,80,1),(8908,269,'2017-12-04 15:18:49',3,5,612,80,1),(8909,278,'2017-12-04 15:18:50',2,5,604,80,1),(8910,279,'2017-12-04 15:18:51',4,5,632,80,1),(8911,274,'2017-12-04 15:18:51',5,5,674,80,1),(8912,275,'2017-12-04 15:18:51',3,5,602,80,1),(8913,276,'2017-12-04 15:18:51',2,5,672,80,1),(8914,262,'2017-12-04 15:18:51',2,5,660,80,1),(8915,280,'2017-12-04 15:18:52',3,5,639,80,1),(8916,270,'2017-12-04 15:18:52',3,5,682,80,1),(8917,267,'2017-12-04 15:18:53',5,5,680,80,1),(8918,271,'2017-12-04 15:18:53',3,5,694,80,1),(8919,266,'2017-12-04 15:18:54',4,5,647,80,1),(8920,262,'2017-12-04 15:18:54',2,5,662,80,1),(8921,276,'2017-12-04 15:18:54',1,5,670,80,1),(8922,269,'2017-12-04 15:18:54',3,5,672,80,1),(8923,274,'2017-12-04 15:18:54',1,5,684,80,1),(8924,268,'2017-12-04 15:18:55',4,5,666,80,1),(8925,275,'2017-12-04 15:18:55',2,5,614,80,1),(8926,265,'2017-12-04 15:18:56',4,5,635,80,1),(8927,267,'2017-12-04 15:18:56',2,5,692,80,1),(8928,270,'2017-12-04 15:18:58',2,5,618,80,1),(8929,264,'2017-12-04 15:18:58',1,5,627,80,1),(8930,266,'2017-12-04 15:18:58',4,5,639,80,1),(8931,271,'2017-12-04 15:18:58',3,5,619,80,1),(8932,275,'2017-12-04 15:18:59',3,5,617,80,1),(8933,267,'2017-12-04 15:18:59',1,5,661,80,1),(8934,274,'2017-12-04 15:19:00',4,5,604,80,1),(8935,270,'2017-12-04 15:19:01',4,5,625,80,1),(8936,269,'2017-12-04 15:19:01',4,5,646,80,1),(8937,275,'2017-12-04 15:19:01',2,5,604,80,1),(8938,265,'2017-12-04 15:19:02',3,5,608,80,1),(8939,264,'2017-12-04 15:19:03',4,5,621,80,1),(8940,274,'2017-12-04 15:19:03',3,5,664,80,1),(8941,267,'2017-12-04 15:19:04',4,5,653,80,1),(8942,271,'2017-12-04 15:19:04',3,5,683,80,1),(8943,278,'2017-12-04 15:19:04',3,5,683,80,1),(8944,265,'2017-12-04 15:19:05',2,5,660,80,1),(8945,279,'2017-12-04 15:19:05',3,5,657,80,1),(8946,272,'2017-12-04 15:19:07',4,5,622,80,1),(8947,278,'2017-12-04 15:19:07',2,5,605,80,1),(8948,275,'2017-12-04 15:19:07',3,5,625,80,1),(8949,274,'2017-12-04 15:19:08',3,5,641,80,1),(8950,271,'2017-12-04 15:19:08',1,5,667,80,1),(8951,270,'2017-12-04 15:19:08',4,5,598,80,1),(8952,265,'2017-12-04 15:19:08',2,5,599,80,1),(8953,267,'2017-12-04 15:19:08',3,5,689,80,1),(8954,269,'2017-12-04 15:19:08',2,5,602,80,1),(8955,264,'2017-12-04 15:19:08',4,5,678,80,1),(8956,278,'2017-12-04 15:19:10',2,5,695,80,1),(8957,274,'2017-12-04 15:19:11',2,5,625,80,1),(8958,275,'2017-12-04 15:19:11',1,5,643,80,1),(8959,268,'2017-12-04 15:19:12',3,5,626,80,1),(8960,267,'2017-12-04 15:19:12',4,5,679,80,1),(8961,265,'2017-12-04 15:19:12',3,5,658,80,1),(8962,272,'2017-12-04 15:19:13',4,5,596,80,1),(8963,276,'2017-12-04 15:19:14',1,5,598,80,1),(8964,269,'2017-12-04 15:19:15',5,5,595,80,1),(8965,274,'2017-12-04 15:19:15',2,5,618,80,1),(8966,265,'2017-12-04 15:19:15',1,5,627,80,1),(8967,275,'2017-12-04 15:19:15',3,5,615,80,1),(8968,276,'2017-12-04 15:19:16',1,5,638,80,1),(8969,271,'2017-12-04 15:19:17',1,5,682,80,1),(8970,264,'2017-12-04 15:19:17',3,5,619,80,1),(8971,276,'2017-12-04 15:19:18',2,5,643,80,1),(8972,267,'2017-12-04 15:19:18',4,5,634,80,1),(8973,270,'2017-12-04 15:19:18',2,5,667,80,1),(8974,274,'2017-12-04 15:19:19',2,5,692,80,1),(8975,265,'2017-12-04 15:19:20',4,5,624,80,1),(8976,276,'2017-12-04 15:19:20',1,5,684,80,1),(8977,267,'2017-12-04 15:19:22',3,5,642,80,1),(8978,274,'2017-12-04 15:19:22',3,5,603,80,1),(8979,276,'2017-12-04 15:19:23',1,5,657,80,1),(8980,265,'2017-12-04 15:19:23',4,5,633,80,1),(8981,269,'2017-12-04 15:19:24',4,5,619,80,1),(8982,267,'2017-12-04 15:19:24',4,5,632,80,1),(8983,279,'2017-12-04 15:19:25',3,5,681,80,1),(8984,274,'2017-12-04 15:19:25',3,5,634,80,1),(8985,265,'2017-12-04 15:19:26',3,5,682,80,1),(8986,270,'2017-12-04 15:19:26',3,5,695,80,1),(8987,276,'2017-12-04 15:19:27',2,5,618,80,1),(8988,267,'2017-12-04 15:19:27',1,5,693,80,1),(8989,278,'2017-12-04 15:19:28',3,5,673,80,1),(8990,268,'2017-12-04 15:19:28',4,5,640,80,1),(8991,274,'2017-12-04 15:19:28',2,5,662,80,1),(8992,265,'2017-12-04 15:19:29',2,5,678,80,1),(8993,269,'2017-12-04 15:19:29',3,5,652,80,1),(8994,276,'2017-12-04 15:19:29',1,5,692,80,1),(8995,267,'2017-12-04 15:19:30',4,5,635,80,1),(8996,264,'2017-12-04 15:19:31',3,5,603,80,1),(8997,265,'2017-12-04 15:19:31',2,5,659,80,1),(8998,278,'2017-12-04 15:19:32',4,5,614,80,1),(8999,271,'2017-12-04 15:19:32',4,5,678,80,1),(9000,274,'2017-12-04 15:19:32',3,5,614,80,1),(9001,279,'2017-12-04 15:19:33',3,5,624,80,1),(9002,265,'2017-12-04 15:19:34',2,5,662,80,1),(9003,267,'2017-12-04 15:19:34',4,5,671,80,1),(9004,276,'2017-12-04 15:19:34',1,5,595,80,1),(9005,268,'2017-12-04 15:19:34',1,5,616,80,1),(9006,269,'2017-12-04 15:19:35',3,5,662,80,1),(9007,274,'2017-12-04 15:19:35',2,5,636,80,1),(9008,265,'2017-12-04 15:19:37',3,5,665,80,1),(9009,267,'2017-12-04 15:19:37',2,5,684,80,1),(9010,276,'2017-12-04 15:19:38',2,5,669,80,1),(9011,268,'2017-12-04 15:19:40',2,5,648,80,1),(9012,267,'2017-12-04 15:19:40',5,5,636,80,1),(9013,269,'2017-12-04 15:19:40',4,5,634,80,1),(9014,265,'2017-12-04 15:19:40',3,5,649,80,1),(9015,276,'2017-12-04 15:19:41',1,5,663,80,1),(9016,274,'2017-12-04 15:19:41',4,5,600,80,1),(9017,267,'2017-12-04 15:19:43',5,5,601,80,1),(9018,265,'2017-12-04 15:19:44',3,5,652,80,1),(9019,276,'2017-12-04 15:19:44',1,5,650,80,1),(9020,278,'2017-12-04 15:19:44',1,5,630,80,1),(9021,279,'2017-12-04 15:19:45',3,5,666,80,1),(9022,271,'2017-12-04 15:19:45',4,5,624,80,1),(9023,267,'2017-12-04 15:19:45',5,5,637,80,1),(9024,274,'2017-12-04 15:19:45',2,5,617,80,1),(9025,264,'2017-12-04 15:19:45',3,5,658,80,1),(9026,268,'2017-12-04 15:19:46',1,5,691,80,1),(9027,265,'2017-12-04 15:19:48',2,5,669,80,1),(9028,278,'2017-12-04 15:19:49',2,5,657,80,1),(9029,274,'2017-12-04 15:19:49',2,5,621,80,1),(9030,269,'2017-12-04 15:19:50',5,5,666,80,1),(9031,265,'2017-12-04 15:19:50',3,5,615,80,1),(9032,271,'2017-12-04 15:19:52',1,5,647,80,1),(9033,274,'2017-12-04 15:19:53',3,5,659,80,1),(9034,265,'2017-12-04 15:19:54',2,5,663,80,1),(9035,276,'2017-12-04 15:19:54',1,5,637,80,1),(9036,269,'2017-12-04 15:19:54',4,5,688,80,1),(9037,279,'2017-12-04 15:19:55',3,5,654,80,1),(9038,264,'2017-12-04 15:19:55',4,5,643,80,1),(9039,268,'2017-12-04 15:19:56',2,5,638,80,1),(9040,276,'2017-12-04 15:19:57',1,5,603,80,1),(9041,274,'2017-12-04 15:19:57',5,5,597,80,1),(9042,278,'2017-12-04 15:19:57',4,5,641,80,1),(9043,269,'2017-12-04 15:19:57',3,5,694,80,1),(9044,276,'2017-12-04 15:19:59',1,5,629,80,1),(9045,271,'2017-12-04 15:19:59',4,5,674,80,1),(9046,265,'2017-12-04 15:20:00',3,5,597,80,1),(9047,274,'2017-12-04 15:20:01',4,5,678,80,1),(9048,278,'2017-12-04 15:20:01',2,5,602,80,1),(9049,279,'2017-12-04 15:20:01',1,5,655,80,1),(9050,268,'2017-12-04 15:20:01',3,5,674,80,1),(9051,276,'2017-12-04 15:20:02',1,5,615,80,1),(9052,271,'2017-12-04 15:20:03',1,5,602,80,1),(9053,269,'2017-12-04 15:20:03',3,5,610,80,1),(9054,264,'2017-12-04 15:20:03',5,5,672,80,1),(9055,265,'2017-12-04 15:20:03',2,5,664,80,1),(9056,274,'2017-12-04 15:20:04',4,5,633,80,1),(9057,276,'2017-12-04 15:20:05',1,5,682,80,1),(9058,268,'2017-12-04 15:20:06',2,5,672,80,1),(9059,265,'2017-12-04 15:20:07',4,5,681,80,1),(9060,269,'2017-12-04 15:20:07',4,5,635,80,1),(9061,274,'2017-12-04 15:20:07',1,5,693,80,1),(9062,278,'2017-12-04 15:20:07',3,5,649,80,1),(9063,264,'2017-12-04 15:20:08',2,5,644,80,1),(9064,265,'2017-12-04 15:20:09',2,5,648,80,1),(9065,274,'2017-12-04 15:20:10',2,5,667,80,1),(9066,271,'2017-12-04 15:20:10',5,5,617,80,1),(9067,269,'2017-12-04 15:20:11',2,5,643,80,1),(9068,265,'2017-12-04 15:20:11',2,5,622,80,1),(9069,276,'2017-12-04 15:20:12',1,5,611,80,1),(9070,278,'2017-12-04 15:20:12',4,5,681,80,1),(9071,279,'2017-12-04 15:20:13',1,5,692,80,1),(9072,265,'2017-12-04 15:20:14',3,5,614,80,1),(9073,271,'2017-12-04 15:20:14',3,5,689,80,1),(9074,274,'2017-12-04 15:20:15',4,5,632,80,1),(9075,269,'2017-12-04 15:20:16',4,5,682,80,1),(9076,264,'2017-12-04 15:20:16',3,5,637,80,1),(9077,274,'2017-12-04 15:20:18',2,5,607,80,1),(9078,265,'2017-12-04 15:20:18',3,5,639,80,1),(9079,268,'2017-12-04 15:20:20',4,5,682,80,1),(9080,278,'2017-12-04 15:20:20',4,5,610,80,1),(9081,276,'2017-12-04 15:20:21',2,5,658,80,1),(9082,269,'2017-12-04 15:20:21',3,5,690,80,1),(9083,274,'2017-12-04 15:20:21',2,5,669,80,1),(9084,265,'2017-12-04 15:20:22',3,5,620,80,1),(9085,276,'2017-12-04 15:20:23',1,5,635,80,1),(9086,271,'2017-12-04 15:20:23',3,5,612,80,1),(9087,274,'2017-12-04 15:20:26',3,5,613,80,1),(9088,269,'2017-12-04 15:20:26',3,5,641,80,1),(9089,276,'2017-12-04 15:20:26',1,5,623,80,1),(9090,279,'2017-12-04 15:20:26',3,5,610,80,1),(9091,278,'2017-12-04 15:20:27',2,5,685,80,1),(9092,268,'2017-12-04 15:20:28',3,5,651,80,1),(9093,265,'2017-12-04 15:20:29',4,5,671,80,1),(9094,276,'2017-12-04 15:20:29',2,5,689,80,1),(9095,271,'2017-12-04 15:20:29',3,5,690,80,1),(9096,269,'2017-12-04 15:20:30',3,5,598,80,1),(9097,278,'2017-12-04 15:20:30',3,5,603,80,1),(9098,274,'2017-12-04 15:20:31',2,5,689,80,1),(9099,268,'2017-12-04 15:20:31',1,5,607,80,1),(9100,265,'2017-12-04 15:20:32',4,5,601,80,1),(9101,276,'2017-12-04 15:20:32',1,5,649,80,1),(9102,279,'2017-12-04 15:20:33',2,5,682,80,1),(9103,268,'2017-12-04 15:20:34',1,5,663,80,1),(9104,274,'2017-12-04 15:20:34',4,5,647,80,1),(9105,269,'2017-12-04 15:20:35',5,5,622,80,1),(9106,265,'2017-12-04 15:20:35',3,5,596,80,1),(9107,264,'2017-12-04 15:20:35',3,5,623,80,1),(9108,272,'2017-12-04 15:20:35',3,5,673,80,1),(9109,274,'2017-12-04 15:20:38',3,5,612,80,1),(9110,264,'2017-12-04 15:20:38',2,5,675,80,1),(9111,271,'2017-12-04 15:20:38',3,5,623,80,1),(9112,272,'2017-12-04 15:20:38',2,5,692,80,1),(9113,269,'2017-12-04 15:20:40',2,5,673,80,1),(9114,268,'2017-12-04 15:20:40',5,5,597,80,1),(9115,274,'2017-12-04 15:20:41',5,5,652,80,1),(9116,271,'2017-12-04 15:20:42',1,5,606,80,1),(9117,272,'2017-12-04 15:20:42',3,5,603,80,1),(9118,279,'2017-12-04 15:20:43',2,5,627,80,1),(9119,280,'2017-12-04 15:20:43',3,5,618,80,1),(9120,274,'2017-12-04 15:20:44',3,5,679,80,1),(9121,269,'2017-12-04 15:20:45',3,5,642,80,1),(9122,280,'2017-12-04 15:20:46',2,5,687,80,1),(9123,268,'2017-12-04 15:20:46',5,5,614,80,1),(9124,272,'2017-12-04 15:20:46',3,5,674,80,1),(9125,264,'2017-12-04 15:20:47',3,5,635,80,1),(9126,274,'2017-12-04 15:20:47',2,5,682,80,1),(9127,271,'2017-12-04 15:20:48',2,5,646,80,1),(9128,278,'2017-12-04 15:20:49',4,5,616,80,1),(9129,272,'2017-12-04 15:20:50',1,5,627,80,1),(9130,274,'2017-12-04 15:20:50',2,5,622,80,1),(9131,279,'2017-12-04 15:20:51',2,5,608,80,1),(9132,263,'2017-12-04 15:20:51',5,5,690,80,1),(9133,268,'2017-12-04 15:20:51',1,5,693,80,1),(9134,269,'2017-12-04 15:20:52',4,5,615,80,1),(9135,264,'2017-12-04 15:20:53',3,5,691,80,1),(9136,270,'2017-12-04 15:20:53',4,5,631,80,1),(9137,268,'2017-12-04 15:20:54',1,5,643,80,1),(9138,263,'2017-12-04 15:20:54',4,5,676,80,1),(9139,272,'2017-12-04 15:20:55',4,5,641,80,1),(9140,278,'2017-12-04 15:20:55',3,5,672,80,1),(9141,264,'2017-12-04 15:20:56',1,5,606,80,1),(9142,270,'2017-12-04 15:20:56',3,5,663,80,1),(9143,271,'2017-12-04 15:20:57',3,5,658,80,1),(9144,263,'2017-12-04 15:20:57',2,5,667,80,1),(9145,269,'2017-12-04 15:20:57',4,5,608,80,1),(9146,279,'2017-12-04 15:20:59',3,5,685,80,1),(9147,268,'2017-12-04 15:21:00',2,5,595,80,1),(9148,264,'2017-12-04 15:21:00',2,5,607,80,1),(9149,269,'2017-12-04 15:21:00',2,5,693,80,1),(9150,263,'2017-12-04 15:21:01',2,5,646,80,1),(9151,270,'2017-12-04 15:21:01',2,5,658,80,1),(9152,278,'2017-12-04 15:21:01',3,5,669,80,1),(9153,271,'2017-12-04 15:21:03',1,5,660,80,1),(9154,263,'2017-12-04 15:21:04',3,5,655,80,1),(9155,269,'2017-12-04 15:21:05',3,5,629,80,1),(9156,263,'2017-12-04 15:21:06',3,5,666,80,1),(9157,268,'2017-12-04 15:21:06',4,5,615,80,1),(9158,264,'2017-12-04 15:21:07',4,5,617,80,1),(9159,268,'2017-12-04 15:21:09',1,5,620,80,1),(9160,263,'2017-12-04 15:21:09',4,5,640,80,1),(9161,269,'2017-12-04 15:21:09',3,5,645,80,1),(9162,263,'2017-12-04 15:21:12',4,5,610,80,1),(9163,269,'2017-12-04 15:21:12',3,5,625,80,1),(9164,271,'2017-12-04 15:21:13',3,5,671,80,1),(9165,268,'2017-12-04 15:21:15',4,5,634,80,1),(9166,263,'2017-12-04 15:21:15',4,5,605,80,1),(9167,272,'2017-12-04 15:21:16',3,5,624,80,1),(9168,264,'2017-12-04 15:21:17',4,5,649,80,1),(9169,278,'2017-12-04 15:21:17',2,5,615,80,1),(9170,279,'2017-12-04 15:21:17',3,5,680,80,1),(9171,271,'2017-12-04 15:21:17',3,5,642,80,1),(9172,269,'2017-12-04 15:21:17',4,5,621,80,1),(9173,263,'2017-12-04 15:21:19',1,5,664,80,1),(9174,278,'2017-12-04 15:21:20',1,5,690,80,1),(9175,263,'2017-12-04 15:21:22',4,5,683,80,1),(9176,279,'2017-12-04 15:21:22',2,5,687,80,1),(9177,269,'2017-12-04 15:21:22',3,5,607,80,1),(9178,270,'2017-12-04 15:21:23',4,5,652,80,1),(9179,278,'2017-12-04 15:21:23',4,5,611,80,1),(9180,268,'2017-12-04 15:21:23',4,5,617,80,1),(9181,278,'2017-12-04 15:21:25',3,5,659,80,1),(9182,263,'2017-12-04 15:21:25',2,5,693,80,1),(9183,270,'2017-12-04 15:21:26',3,5,675,80,1),(9184,269,'2017-12-04 15:21:26',4,5,657,80,1),(9185,271,'2017-12-04 15:21:26',5,5,611,80,1),(9186,268,'2017-12-04 15:21:27',2,5,636,80,1),(9187,279,'2017-12-04 15:21:28',2,5,689,80,1),(9188,272,'2017-12-04 15:21:28',4,5,628,80,1),(9189,263,'2017-12-04 15:21:28',5,5,628,80,1),(9190,278,'2017-12-04 15:21:28',2,5,632,80,1),(9191,264,'2017-12-04 15:21:30',3,5,671,80,1),(9192,271,'2017-12-04 15:21:30',1,5,672,80,1),(9193,269,'2017-12-04 15:21:31',3,5,648,80,1),(9194,272,'2017-12-04 15:21:33',3,5,634,80,1),(9195,278,'2017-12-04 15:21:33',3,5,598,80,1),(9196,271,'2017-12-04 15:21:34',1,5,618,80,1),(9197,268,'2017-12-04 15:21:35',3,5,605,80,1),(9198,269,'2017-12-04 15:21:36',3,5,600,80,1),(9199,272,'2017-12-04 15:21:36',2,5,694,80,1),(9200,263,'2017-12-04 15:21:37',5,5,623,80,1),(9201,279,'2017-12-04 15:21:38',1,5,630,80,1),(9202,264,'2017-12-04 15:21:38',2,5,662,80,1),(9203,278,'2017-12-04 15:21:39',2,5,679,80,1),(9204,269,'2017-12-04 15:21:40',4,5,624,80,1),(9205,272,'2017-12-04 15:21:40',2,5,662,80,1),(9206,278,'2017-12-04 15:21:42',1,5,645,80,1),(9207,268,'2017-12-04 15:21:43',1,5,646,80,1),(9208,269,'2017-12-04 15:21:44',3,5,695,80,1),(9209,263,'2017-12-04 15:21:45',4,5,638,80,1),(9210,272,'2017-12-04 15:21:45',3,5,659,80,1),(9211,271,'2017-12-04 15:21:46',4,5,687,80,1),(9212,268,'2017-12-04 15:21:47',4,5,635,80,1),(9213,269,'2017-12-04 15:21:48',3,5,684,80,1),(9214,272,'2017-12-04 15:21:48',1,5,630,80,1),(9215,264,'2017-12-04 15:21:49',4,5,647,80,1),(9216,271,'2017-12-04 15:21:49',1,5,676,80,1),(9217,278,'2017-12-04 15:21:50',2,5,613,80,1),(9218,263,'2017-12-04 15:21:51',4,5,635,80,1),(9219,279,'2017-12-04 15:21:51',3,5,691,80,1),(9220,272,'2017-12-04 15:21:53',2,5,690,80,1),(9221,271,'2017-12-04 15:21:54',2,5,633,80,1),(9222,263,'2017-12-04 15:21:54',1,5,673,80,1),(9223,264,'2017-12-04 15:21:55',3,5,677,80,1),(9224,269,'2017-12-04 15:21:55',3,5,640,80,1),(9225,268,'2017-12-04 15:21:56',5,5,611,80,1),(9226,263,'2017-12-04 15:21:57',4,5,617,80,1),(9227,271,'2017-12-04 15:21:58',2,5,641,80,1),(9228,272,'2017-12-04 15:21:58',2,5,672,80,1),(9229,269,'2017-12-04 15:21:59',4,5,671,80,1),(9230,279,'2017-12-04 15:21:59',2,5,647,80,1),(9231,263,'2017-12-04 15:22:00',2,5,687,80,1),(9232,268,'2017-12-04 15:22:00',2,5,625,80,1),(9233,271,'2017-12-04 15:22:02',2,5,621,80,1),(9234,263,'2017-12-04 15:22:02',2,5,595,80,1),(9235,272,'2017-12-04 15:22:02',2,5,679,80,1),(9236,269,'2017-12-04 15:22:03',3,5,650,80,1),(9237,263,'2017-12-04 15:22:05',3,5,626,80,1),(9238,272,'2017-12-04 15:22:07',3,5,660,80,1),(9239,280,'2017-12-04 15:22:07',4,5,635,80,1),(9240,263,'2017-12-04 15:22:07',1,5,684,80,1),(9241,271,'2017-12-04 15:22:11',4,5,677,80,1),(9242,270,'2017-12-04 15:22:11',4,5,613,80,1),(9243,279,'2017-12-04 15:22:11',2,5,629,80,1),(9244,263,'2017-12-04 15:22:11',4,5,675,80,1),(9245,269,'2017-12-04 15:22:11',3,5,605,80,1),(9246,264,'2017-12-04 15:22:12',3,5,613,80,1),(9247,272,'2017-12-04 15:22:13',3,5,669,80,1),(9248,280,'2017-12-04 15:22:13',4,5,640,80,1),(9249,263,'2017-12-04 15:22:14',3,5,659,80,1),(9250,270,'2017-12-04 15:22:14',3,5,645,80,1),(9251,264,'2017-12-04 15:22:16',1,5,687,80,1),(9252,268,'2017-12-04 15:22:16',4,5,652,80,1),(9253,269,'2017-12-04 15:22:16',2,5,630,80,1),(9254,271,'2017-12-04 15:22:16',4,5,599,80,1),(9255,263,'2017-12-04 15:22:17',4,5,674,80,1),(9256,272,'2017-12-04 15:22:17',3,5,666,80,1),(9257,270,'2017-12-04 15:22:18',4,5,605,80,1),(9258,279,'2017-12-04 15:22:18',2,5,611,80,1),(9259,263,'2017-12-04 15:22:19',4,5,654,80,1),(9260,269,'2017-12-04 15:22:21',4,5,617,80,1),(9261,270,'2017-12-04 15:22:21',4,5,604,80,1),(9262,263,'2017-12-04 15:22:21',1,5,636,80,1),(9263,278,'2017-12-04 15:22:23',3,5,680,80,1),(9264,268,'2017-12-04 15:22:23',4,5,601,80,1),(9265,271,'2017-12-04 15:22:23',4,5,680,80,1),(9266,272,'2017-12-04 15:22:24',3,5,653,80,1),(9267,269,'2017-12-04 15:22:24',4,5,654,80,1),(9268,263,'2017-12-04 15:22:24',1,5,668,80,1),(9269,278,'2017-12-04 15:22:26',1,5,650,80,1),(9270,270,'2017-12-04 15:22:28',4,5,651,80,1),(9271,279,'2017-12-04 15:22:28',3,5,651,80,1),(9272,272,'2017-12-04 15:22:28',2,5,636,80,1),(9273,271,'2017-12-04 15:22:28',3,5,649,80,1),(9274,269,'2017-12-04 15:22:28',2,5,661,80,1),(9275,263,'2017-12-04 15:22:29',3,5,695,80,1),(9276,278,'2017-12-04 15:22:30',2,5,612,80,1),(9277,270,'2017-12-04 15:22:30',3,5,670,80,1),(9278,268,'2017-12-04 15:22:30',4,5,686,80,1),(9279,269,'2017-12-04 15:22:32',3,5,638,80,1),(9280,272,'2017-12-04 15:22:32',4,5,695,80,1),(9281,263,'2017-12-04 15:22:32',2,5,602,80,1),(9282,278,'2017-12-04 15:22:33',3,5,618,80,1),(9283,270,'2017-12-04 15:22:34',4,5,665,80,1),(9284,264,'2017-12-04 15:22:34',2,5,651,80,1),(9285,269,'2017-12-04 15:22:36',4,5,639,80,1),(9286,270,'2017-12-04 15:22:36',3,5,660,80,1),(9287,272,'2017-12-04 15:22:36',1,5,691,80,1),(9288,271,'2017-12-04 15:22:36',2,5,664,80,1),(9289,268,'2017-12-04 15:22:37',4,5,690,80,1),(9290,270,'2017-12-04 15:22:38',4,5,596,80,1),(9291,263,'2017-12-04 15:22:38',3,5,619,80,1),(9292,279,'2017-12-04 15:22:39',2,5,603,80,1),(9293,269,'2017-12-04 15:22:40',4,5,603,80,1),(9294,268,'2017-12-04 15:22:41',3,5,631,80,1),(9295,263,'2017-12-04 15:22:41',4,5,648,80,1),(9296,270,'2017-12-04 15:22:42',4,5,659,80,1),(9297,271,'2017-12-04 15:22:42',3,5,635,80,1),(9298,263,'2017-12-04 15:22:44',2,5,682,80,1),(9299,269,'2017-12-04 15:22:44',5,5,685,80,1),(9300,270,'2017-12-04 15:22:45',4,5,648,80,1),(9301,271,'2017-12-04 15:22:45',3,5,639,80,1),(9302,264,'2017-12-04 15:22:46',5,5,628,80,1),(9303,263,'2017-12-04 15:22:46',2,5,637,80,1),(9304,263,'2017-12-04 15:22:48',2,5,685,80,1),(9305,269,'2017-12-04 15:22:48',4,5,675,80,1),(9306,264,'2017-12-04 15:22:49',2,5,602,80,1),(9307,271,'2017-12-04 15:22:50',1,5,670,80,1),(9308,278,'2017-12-04 15:22:50',3,5,609,80,1),(9309,263,'2017-12-04 15:22:50',4,5,632,80,1),(9310,268,'2017-12-04 15:22:51',4,5,598,80,1),(9311,272,'2017-12-04 15:22:52',4,5,652,80,1),(9312,269,'2017-12-04 15:22:52',4,5,668,80,1),(9313,263,'2017-12-04 15:22:53',3,5,612,80,1),(9314,270,'2017-12-04 15:22:54',4,5,617,80,1),(9315,271,'2017-12-04 15:22:54',1,5,645,80,1),(9316,264,'2017-12-04 15:22:55',2,5,680,80,1),(9317,269,'2017-12-04 15:22:55',5,5,665,80,1),(9318,268,'2017-12-04 15:22:55',3,5,655,80,1),(9319,279,'2017-12-04 15:22:56',4,5,595,80,1),(9320,263,'2017-12-04 15:22:56',4,5,598,80,1),(9321,278,'2017-12-04 15:22:56',2,5,620,80,1),(9322,270,'2017-12-04 15:22:57',3,5,608,80,1),(9323,272,'2017-12-04 15:22:58',1,5,645,80,1),(9324,263,'2017-12-04 15:22:58',2,5,686,80,1),(9325,271,'2017-12-04 15:22:59',1,5,653,80,1),(9326,268,'2017-12-04 15:23:00',3,5,639,80,1),(9327,263,'2017-12-04 15:23:00',1,5,630,80,1),(9328,278,'2017-12-04 15:23:01',3,5,597,80,1),(9329,263,'2017-12-04 15:23:02',1,5,643,80,1),(9330,268,'2017-12-04 15:23:03',3,5,694,80,1),(9331,278,'2017-12-04 15:23:04',2,5,664,80,1),(9332,272,'2017-12-04 15:23:04',2,5,626,80,1),(9333,263,'2017-12-04 15:23:05',2,5,634,80,1),(9334,271,'2017-12-04 15:23:05',5,5,644,80,1),(9335,278,'2017-12-04 15:23:08',3,5,624,80,1),(9336,263,'2017-12-04 15:23:08',4,5,647,80,1),(9337,272,'2017-12-04 15:23:09',4,5,635,80,1),(9338,278,'2017-12-04 15:23:10',2,5,689,80,1),(9339,268,'2017-12-04 15:23:10',2,5,677,80,1),(9340,271,'2017-12-04 15:23:10',3,5,675,80,1),(9341,263,'2017-12-04 15:23:11',2,5,633,80,1),(9342,264,'2017-12-04 15:23:13',2,5,664,80,1),(9343,268,'2017-12-04 15:23:13',1,5,673,80,1),(9344,272,'2017-12-04 15:23:13',1,5,607,80,1),(9345,263,'2017-12-04 15:23:14',1,5,645,80,1),(9346,279,'2017-12-04 15:23:16',2,5,602,80,1),(9347,271,'2017-12-04 15:23:16',1,5,597,80,1),(9348,264,'2017-12-04 15:23:17',4,5,611,80,1),(9349,268,'2017-12-04 15:23:19',4,5,681,80,1),(9350,270,'2017-12-04 15:23:19',4,5,640,80,1),(9351,271,'2017-12-04 15:23:20',2,5,648,80,1),(9352,263,'2017-12-04 15:23:20',2,5,652,80,1),(9353,268,'2017-12-04 15:23:22',1,5,684,80,1),(9354,264,'2017-12-04 15:23:22',3,5,631,80,1),(9355,270,'2017-12-04 15:23:23',4,5,600,80,1),(9356,273,'2017-12-04 15:23:23',3,5,671,80,1),(9357,263,'2017-12-04 15:23:24',1,5,691,80,1),(9358,273,'2017-12-04 15:23:25',3,5,629,80,1),(9359,270,'2017-12-04 15:23:26',1,5,627,80,1),(9360,264,'2017-12-04 15:23:27',1,5,650,80,1),(9361,263,'2017-12-04 15:23:27',2,5,600,80,1),(9362,273,'2017-12-04 15:23:28',3,5,610,80,1),(9363,279,'2017-12-04 15:23:28',2,5,619,80,1),(9364,271,'2017-12-04 15:23:29',3,5,600,80,1),(9365,263,'2017-12-04 15:23:29',1,5,678,80,1),(9366,270,'2017-12-04 15:23:30',4,5,634,80,1),(9367,264,'2017-12-04 15:23:30',2,5,694,80,1),(9368,273,'2017-12-04 15:23:31',3,5,668,80,1),(9369,280,'2017-12-04 15:23:32',5,5,648,80,1),(9370,271,'2017-12-04 15:23:32',3,5,656,80,1),(9371,263,'2017-12-04 15:23:32',1,5,639,80,1),(9372,270,'2017-12-04 15:23:32',1,5,693,80,1),(9373,273,'2017-12-04 15:23:33',1,5,645,80,1),(9374,264,'2017-12-04 15:23:33',3,5,667,80,1),(9375,268,'2017-12-04 15:23:34',4,5,604,80,1),(9376,263,'2017-12-04 15:23:34',4,5,603,80,1),(9377,273,'2017-12-04 15:23:35',1,5,675,80,1),(9378,270,'2017-12-04 15:23:35',4,5,674,80,1),(9379,280,'2017-12-04 15:23:36',2,5,628,80,1),(9380,271,'2017-12-04 15:23:37',3,5,615,80,1),(9381,263,'2017-12-04 15:23:37',4,5,611,80,1),(9382,270,'2017-12-04 15:23:38',4,5,680,80,1),(9383,273,'2017-12-04 15:23:38',1,5,689,80,1),(9384,263,'2017-12-04 15:23:39',4,5,694,80,1),(9385,264,'2017-12-04 15:23:39',2,5,599,80,1),(9386,280,'2017-12-04 15:23:40',3,5,596,80,1),(9387,270,'2017-12-04 15:23:41',3,5,626,80,1),(9388,271,'2017-12-04 15:23:41',3,5,636,80,1),(9389,268,'2017-12-04 15:23:41',5,5,669,80,1),(9390,263,'2017-12-04 15:23:43',2,5,620,80,1),(9391,270,'2017-12-04 15:23:44',5,5,635,80,1),(9392,280,'2017-12-04 15:23:44',4,5,638,80,1),(9393,264,'2017-12-04 15:23:44',3,5,686,80,1),(9394,273,'2017-12-04 15:23:45',4,5,621,80,1),(9395,263,'2017-12-04 15:23:46',1,5,658,80,1),(9396,271,'2017-12-04 15:23:46',1,5,684,80,1),(9397,270,'2017-12-04 15:23:46',4,5,624,80,1),(9398,273,'2017-12-04 15:23:47',3,5,654,80,1),(9399,279,'2017-12-04 15:23:48',1,5,658,80,1),(9400,268,'2017-12-04 15:23:49',2,5,618,80,1),(9401,270,'2017-12-04 15:23:49',5,5,683,80,1),(9402,263,'2017-12-04 15:23:49',2,5,660,80,1),(9403,264,'2017-12-04 15:23:49',3,5,598,80,1),(9404,273,'2017-12-04 15:23:50',3,5,677,80,1),(9405,263,'2017-12-04 15:23:52',4,5,622,80,1),(9406,270,'2017-12-04 15:23:52',4,5,639,80,1),(9407,271,'2017-12-04 15:23:52',4,5,652,80,1),(9408,273,'2017-12-04 15:23:54',4,5,659,80,1),(9409,280,'2017-12-04 15:23:54',2,5,665,80,1),(9410,264,'2017-12-04 15:23:55',4,5,634,80,1),(9411,273,'2017-12-04 15:23:56',3,5,678,80,1),(9412,279,'2017-12-04 15:23:56',2,5,605,80,1),(9413,270,'2017-12-04 15:23:56',3,5,622,80,1),(9414,273,'2017-12-04 15:23:57',2,5,662,80,1),(9415,270,'2017-12-04 15:23:59',2,5,609,80,1),(9416,280,'2017-12-04 15:23:59',3,5,597,80,1),(9417,273,'2017-12-04 15:23:59',4,5,634,80,1),(9418,263,'2017-12-04 15:24:00',1,5,627,80,1),(9419,268,'2017-12-04 15:24:01',3,5,603,80,1),(9420,270,'2017-12-04 15:24:01',2,5,684,80,1),(9421,264,'2017-12-04 15:24:01',3,5,625,80,1),(9422,273,'2017-12-04 15:24:02',4,5,625,80,1),(9423,271,'2017-12-04 15:24:02',2,5,651,80,1),(9424,263,'2017-12-04 15:24:02',1,5,618,80,1),(9425,280,'2017-12-04 15:24:02',2,5,647,80,1),(9426,270,'2017-12-04 15:24:04',4,5,669,80,1),(9427,273,'2017-12-04 15:24:04',5,5,600,80,1),(9428,268,'2017-12-04 15:24:04',2,5,645,80,1),(9429,263,'2017-12-04 15:24:04',1,5,657,80,1),(9430,278,'2017-12-04 15:24:04',2,5,608,80,1),(9431,279,'2017-12-04 15:24:05',3,5,614,80,1),(9432,271,'2017-12-04 15:24:05',1,5,693,80,1),(9433,280,'2017-12-04 15:24:06',1,5,672,80,1),(9434,264,'2017-12-04 15:24:06',3,5,645,80,1),(9435,263,'2017-12-04 15:24:07',4,5,614,80,1),(9436,273,'2017-12-04 15:24:07',2,5,674,80,1),(9437,272,'2017-12-04 15:24:09',4,5,681,80,1),(9438,278,'2017-12-04 15:24:09',1,5,682,80,1),(9439,268,'2017-12-04 15:24:09',5,5,649,80,1),(9440,280,'2017-12-04 15:24:10',2,5,657,80,1),(9441,264,'2017-12-04 15:24:10',3,5,595,80,1),(9442,271,'2017-12-04 15:24:10',3,5,605,80,1),(9443,273,'2017-12-04 15:24:11',5,5,604,80,1),(9444,278,'2017-12-04 15:24:12',2,5,660,80,1),(9445,279,'2017-12-04 15:24:12',3,5,615,80,1),(9446,272,'2017-12-04 15:24:12',4,5,680,80,1),(9447,264,'2017-12-04 15:24:13',3,5,659,80,1),(9448,280,'2017-12-04 15:24:13',2,5,663,80,1),(9449,278,'2017-12-04 15:24:14',3,5,655,80,1),(9450,273,'2017-12-04 15:24:15',2,5,670,80,1),(9451,271,'2017-12-04 15:24:16',5,5,628,80,1),(9452,272,'2017-12-04 15:24:16',1,5,643,80,1),(9453,264,'2017-12-04 15:24:16',1,5,630,80,1),(9454,273,'2017-12-04 15:24:17',3,5,615,80,1),(9455,268,'2017-12-04 15:24:18',1,5,606,80,1),(9456,278,'2017-12-04 15:24:19',2,5,629,80,1),(9457,264,'2017-12-04 15:24:19',2,5,654,80,1),(9458,280,'2017-12-04 15:24:19',1,5,693,80,1),(9459,273,'2017-12-04 15:24:20',4,5,687,80,1),(9460,271,'2017-12-04 15:24:20',3,5,625,80,1),(9461,264,'2017-12-04 15:24:23',3,5,653,80,1),(9462,273,'2017-12-04 15:24:23',5,5,648,80,1),(9463,271,'2017-12-04 15:24:24',3,5,632,80,1),(9464,278,'2017-12-04 15:24:24',2,5,633,80,1),(9465,279,'2017-12-04 15:24:24',4,5,671,80,1),(9466,268,'2017-12-04 15:24:25',5,5,647,80,1),(9467,273,'2017-12-04 15:24:25',2,5,614,80,1),(9468,278,'2017-12-04 15:24:26',2,5,694,80,1),(9469,264,'2017-12-04 15:24:27',3,5,682,80,1),(9470,271,'2017-12-04 15:24:27',3,5,613,80,1),(9471,273,'2017-12-04 15:24:28',5,5,655,80,1),(9472,278,'2017-12-04 15:24:29',3,5,625,80,1),(9473,268,'2017-12-04 15:24:29',3,5,676,80,1),(9474,264,'2017-12-04 15:24:30',1,5,690,80,1),(9475,273,'2017-12-04 15:24:30',2,5,693,80,1),(9476,272,'2017-12-04 15:24:31',2,5,599,80,1),(9477,278,'2017-12-04 15:24:31',1,5,646,80,1),(9478,273,'2017-12-04 15:24:33',4,5,598,80,1),(9479,264,'2017-12-04 15:24:33',1,5,616,80,1),(9480,273,'2017-12-04 15:24:35',2,5,609,80,1),(9481,279,'2017-12-04 15:24:36',3,5,620,80,1),(9482,272,'2017-12-04 15:24:37',2,5,655,80,1),(9483,280,'2017-12-04 15:24:37',3,5,671,80,1),(9484,264,'2017-12-04 15:24:38',2,5,614,80,1),(9485,278,'2017-12-04 15:24:38',3,5,627,80,1),(9486,273,'2017-12-04 15:24:40',5,5,664,80,1),(9487,264,'2017-12-04 15:24:42',2,5,688,80,1),(9488,273,'2017-12-04 15:24:42',5,5,595,80,1),(9489,279,'2017-12-04 15:24:44',5,5,628,80,1),(9490,273,'2017-12-04 15:24:45',2,5,676,80,1),(9491,264,'2017-12-04 15:24:47',3,5,676,80,1),(9492,273,'2017-12-04 15:24:47',3,5,608,80,1),(9493,272,'2017-12-04 15:24:49',2,5,618,80,1),(9494,273,'2017-12-04 15:24:50',2,5,607,80,1),(9495,264,'2017-12-04 15:24:50',2,5,642,80,1),(9496,273,'2017-12-04 15:24:53',2,5,627,80,1),(9497,279,'2017-12-04 15:24:53',4,5,690,80,1),(9498,264,'2017-12-04 15:24:53',2,5,641,80,1),(9499,272,'2017-12-04 15:24:53',2,5,616,80,1),(9500,273,'2017-12-04 15:24:56',2,5,640,80,1),(9501,280,'2017-12-04 15:24:56',2,5,681,80,1),(9502,264,'2017-12-04 15:24:57',2,5,695,80,1),(9503,272,'2017-12-04 15:24:58',2,5,665,80,1),(9504,273,'2017-12-04 15:24:59',3,5,631,80,1),(9505,280,'2017-12-04 15:25:00',1,5,650,80,1),(9506,273,'2017-12-04 15:25:01',4,5,597,80,1),(9507,264,'2017-12-04 15:25:04',2,5,601,80,1),(9508,273,'2017-12-04 15:25:04',4,5,641,80,1),(9509,280,'2017-12-04 15:25:07',3,5,615,80,1),(9510,281,'2017-12-04 15:25:07',3,5,632,80,1),(9511,279,'2017-12-04 15:25:08',3,5,634,80,1),(9512,264,'2017-12-04 15:25:10',2,5,639,80,1),(9513,281,'2017-12-04 15:25:11',2,5,638,80,1),(9514,280,'2017-12-04 15:25:12',3,5,683,80,1),(9515,279,'2017-12-04 15:25:15',2,5,693,80,1),(9516,281,'2017-12-04 15:25:15',4,5,635,80,1),(9517,280,'2017-12-04 15:25:16',2,5,660,80,1),(9518,264,'2017-12-04 15:25:17',2,5,604,80,1),(9519,281,'2017-12-04 15:25:18',3,5,695,80,1),(9520,264,'2017-12-04 15:25:21',2,5,608,80,1),(9521,279,'2017-12-04 15:25:22',4,5,664,80,1),(9522,281,'2017-12-04 15:25:22',1,5,627,80,1),(9523,281,'2017-12-04 15:25:24',2,5,689,80,1),(9524,281,'2017-12-04 15:25:27',2,5,663,80,1),(9525,279,'2017-12-04 15:25:29',2,5,661,80,1),(9526,281,'2017-12-04 15:25:32',3,5,601,80,1),(9527,281,'2017-12-04 15:25:34',3,5,666,80,1),(9528,264,'2017-12-04 15:25:35',1,5,692,80,1),(9529,281,'2017-12-04 15:25:37',3,5,619,80,1),(9530,279,'2017-12-04 15:25:38',3,5,663,80,1),(9531,264,'2017-12-04 15:25:38',3,5,610,80,1),(9532,280,'2017-12-04 15:25:39',4,5,608,80,1),(9533,281,'2017-12-04 15:25:40',3,5,665,80,1),(9534,264,'2017-12-04 15:25:43',3,5,652,80,1),(9535,272,'2017-12-04 15:25:43',2,5,689,80,1),(9536,280,'2017-12-04 15:25:43',4,5,610,80,1),(9537,264,'2017-12-04 15:25:46',2,5,629,80,1),(9538,281,'2017-12-04 15:25:49',2,5,634,80,1),(9539,280,'2017-12-04 15:25:49',3,5,632,80,1),(9540,272,'2017-12-04 15:25:49',3,5,678,80,1),(9541,279,'2017-12-04 15:25:51',4,5,618,80,1),(9542,264,'2017-12-04 15:25:52',1,5,609,80,1),(9543,281,'2017-12-04 15:25:52',3,5,637,80,1),(9544,280,'2017-12-04 15:25:54',1,5,686,80,1),(9545,272,'2017-12-04 15:25:54',2,5,601,80,1),(9546,264,'2017-12-04 15:25:56',1,5,636,80,1),(9547,279,'2017-12-04 15:26:00',2,5,694,80,1),(9548,280,'2017-12-04 15:26:01',2,5,604,80,1),(9549,264,'2017-12-04 15:26:01',2,5,679,80,1),(9550,281,'2017-12-04 15:26:02',2,5,694,80,1),(9551,264,'2017-12-04 15:26:04',2,5,633,80,1),(9552,280,'2017-12-04 15:26:07',2,5,634,80,1),(9553,264,'2017-12-04 15:26:09',3,5,632,80,1),(9554,272,'2017-12-04 15:26:09',4,5,617,80,1),(9555,280,'2017-12-04 15:26:10',2,5,682,80,1),(9556,281,'2017-12-04 15:26:10',4,5,657,80,1),(9557,280,'2017-12-04 15:26:13',2,5,629,80,1),(9558,281,'2017-12-04 15:26:13',3,5,605,80,1),(9559,264,'2017-12-04 15:26:13',3,5,624,80,1),(9560,279,'2017-12-04 15:26:14',4,5,601,80,1),(9561,280,'2017-12-04 15:26:16',4,5,655,80,1),(9562,264,'2017-12-04 15:26:19',2,5,657,80,1),(9563,280,'2017-12-04 15:26:19',3,5,600,80,1),(9564,281,'2017-12-04 15:26:20',3,5,667,80,1),(9565,279,'2017-12-04 15:26:22',1,5,667,80,1),(9566,280,'2017-12-04 15:26:22',2,5,616,80,1),(9567,281,'2017-12-04 15:26:23',2,5,603,80,1),(9568,264,'2017-12-04 15:26:24',3,5,615,80,1),(9569,281,'2017-12-04 15:26:25',2,5,681,80,1),(9570,281,'2017-12-04 15:26:27',3,5,610,80,1),(9571,264,'2017-12-04 15:26:28',3,5,689,80,1),(9572,281,'2017-12-04 15:26:29',2,5,655,80,1),(9573,279,'2017-12-04 15:26:29',1,5,638,80,1),(9574,280,'2017-12-04 15:26:30',3,5,674,80,1),(9575,264,'2017-12-04 15:26:31',1,5,670,80,1),(9576,281,'2017-12-04 15:26:32',3,5,607,80,1),(9577,280,'2017-12-04 15:26:33',1,5,602,80,1),(9578,281,'2017-12-04 15:26:34',2,5,625,80,1),(9579,264,'2017-12-04 15:26:34',2,5,638,80,1),(9580,281,'2017-12-04 15:26:36',3,5,670,80,1),(9581,279,'2017-12-04 15:26:36',4,5,677,80,1),(9582,280,'2017-12-04 15:26:37',3,5,613,80,1),(9583,281,'2017-12-04 15:26:38',3,5,623,80,1),(9584,264,'2017-12-04 15:26:39',4,5,674,80,1),(9585,281,'2017-12-04 15:26:40',2,5,642,80,1),(9586,281,'2017-12-04 15:26:42',2,5,600,80,1),(9587,264,'2017-12-04 15:26:45',3,5,683,80,1),(9588,281,'2017-12-04 15:26:45',3,5,671,80,1),(9589,281,'2017-12-04 15:26:47',3,5,612,80,1),(9590,281,'2017-12-04 15:26:50',4,5,677,80,1),(9591,264,'2017-12-04 15:26:51',2,5,596,80,1),(9592,279,'2017-12-04 15:26:53',4,5,656,80,1),(9593,281,'2017-12-04 15:26:53',4,5,674,80,1),(9594,264,'2017-12-04 15:26:55',1,5,661,80,1),(9595,281,'2017-12-04 15:26:56',5,5,628,80,1),(9596,280,'2017-12-04 15:26:56',3,5,617,80,1),(9597,264,'2017-12-04 15:26:57',1,5,693,80,1),(9598,281,'2017-12-04 15:26:59',4,5,680,80,1),(9599,281,'2017-12-04 15:27:01',3,5,615,80,1),(9600,281,'2017-12-04 15:27:03',3,5,629,80,1),(9601,280,'2017-12-04 15:27:04',3,5,679,80,1),(9602,279,'2017-12-04 15:27:06',3,5,635,80,1),(9603,281,'2017-12-04 15:27:06',3,5,621,80,1),(9604,281,'2017-12-04 15:27:08',3,5,626,80,1),(9605,281,'2017-12-04 15:27:11',4,5,613,80,1),(9606,281,'2017-12-04 15:27:14',3,5,611,80,1),(9607,281,'2017-12-04 15:27:18',2,5,650,80,1),(9608,280,'2017-12-04 15:27:20',3,5,678,80,1),(9609,281,'2017-12-04 15:27:22',2,5,645,80,1),(9610,280,'2017-12-04 15:27:25',3,5,621,80,1),(9611,281,'2017-12-04 15:27:25',3,5,631,80,1),(9612,280,'2017-12-04 15:27:27',1,5,670,80,1),(9613,281,'2017-12-04 15:27:28',2,5,608,80,1),(9614,280,'2017-12-04 15:27:31',2,5,653,80,1),(9615,281,'2017-12-04 15:27:31',2,5,647,80,1),(9616,272,'2017-12-04 15:27:31',1,5,667,80,1),(9617,280,'2017-12-04 15:27:33',2,5,652,80,1),(9618,281,'2017-12-04 15:27:34',3,5,679,80,1),(9619,272,'2017-12-04 15:27:34',1,5,609,80,1),(9620,281,'2017-12-04 15:27:36',2,5,648,80,1),(9621,272,'2017-12-04 15:27:38',3,5,685,80,1),(9622,281,'2017-12-04 15:27:40',2,5,664,80,1),(9623,279,'2017-12-04 15:27:41',3,5,669,80,1),(9624,272,'2017-12-04 15:27:42',3,5,640,80,1),(9625,281,'2017-12-04 15:27:44',4,5,668,80,1),(9626,272,'2017-12-04 15:27:46',3,5,676,80,1),(9627,280,'2017-12-04 15:27:48',4,5,668,80,1),(9628,281,'2017-12-04 15:27:48',3,5,609,80,1),(9629,279,'2017-12-04 15:27:49',3,5,631,80,1),(9630,272,'2017-12-04 15:27:50',3,5,683,80,1),(9631,280,'2017-12-04 15:27:52',2,5,666,80,1),(9632,281,'2017-12-04 15:27:52',2,5,684,80,1),(9633,272,'2017-12-04 15:27:53',3,5,638,80,1),(9634,279,'2017-12-04 15:27:54',3,5,675,80,1),(9635,281,'2017-12-04 15:27:55',2,5,692,80,1),(9636,280,'2017-12-04 15:27:55',1,5,692,80,1),(9637,272,'2017-12-04 15:27:57',3,5,651,80,1),(9638,281,'2017-12-04 15:27:58',2,5,641,80,1),(9639,272,'2017-12-04 15:28:00',4,5,632,80,1),(9640,281,'2017-12-04 15:28:01',2,5,693,80,1),(9641,280,'2017-12-04 15:28:01',2,5,662,80,1),(9642,279,'2017-12-04 15:28:02',3,5,670,80,1),(9643,281,'2017-12-04 15:28:02',2,5,606,80,1),(9644,280,'2017-12-04 15:28:04',2,5,684,80,1),(9645,272,'2017-12-04 15:28:04',3,5,639,80,1),(9646,281,'2017-12-04 15:28:05',2,5,686,80,1),(9647,279,'2017-12-04 15:28:07',2,5,645,80,1),(9648,280,'2017-12-04 15:28:08',2,5,649,80,1),(9649,281,'2017-12-04 15:28:08',2,5,652,80,1),(9650,272,'2017-12-04 15:28:09',5,5,686,80,1),(9651,280,'2017-12-04 15:28:10',1,5,630,80,1),(9652,281,'2017-12-04 15:28:11',3,5,690,80,1),(9653,279,'2017-12-04 15:28:13',3,5,604,80,1),(9654,280,'2017-12-04 15:28:13',2,5,689,80,1),(9655,281,'2017-12-04 15:28:14',3,5,624,80,1),(9656,272,'2017-12-04 15:28:14',5,5,657,80,1),(9657,281,'2017-12-04 15:28:16',3,5,688,80,1),(9658,280,'2017-12-04 15:28:16',1,5,607,80,1),(9659,272,'2017-12-04 15:28:17',4,5,615,80,1),(9660,281,'2017-12-04 15:28:18',2,5,687,80,1),(9661,280,'2017-12-04 15:28:20',2,5,673,80,1),(9662,281,'2017-12-04 15:28:20',5,5,691,80,1),(9663,272,'2017-12-04 15:28:21',3,5,608,80,1),(9664,281,'2017-12-04 15:28:23',5,5,660,80,1),(9665,279,'2017-12-04 15:28:23',4,5,617,80,1),(9666,280,'2017-12-04 15:28:24',2,5,626,80,1),(9667,281,'2017-12-04 15:28:25',4,5,662,80,1),(9668,272,'2017-12-04 15:28:26',3,5,621,80,1),(9669,281,'2017-12-04 15:28:27',4,5,678,80,1),(9670,281,'2017-12-04 15:28:29',2,5,630,80,1),(9671,272,'2017-12-04 15:28:29',4,5,647,80,1),(9672,281,'2017-12-04 15:28:31',1,5,643,80,1),(9673,272,'2017-12-04 15:28:32',2,5,605,80,1),(9674,281,'2017-12-04 15:28:33',1,5,602,80,1),(9675,281,'2017-12-04 15:28:36',3,5,644,80,1),(9676,279,'2017-12-04 15:28:37',2,5,653,80,1),(9677,281,'2017-12-04 15:28:39',3,5,599,80,1),(9678,281,'2017-12-04 15:28:42',2,5,661,80,1),(9679,279,'2017-12-04 15:28:44',2,5,676,80,1),(9680,281,'2017-12-04 15:28:45',2,5,604,80,1),(9681,281,'2017-12-04 15:28:47',5,5,597,80,1),(9682,280,'2017-12-04 15:28:48',3,5,675,80,1),(9683,281,'2017-12-04 15:28:49',4,5,617,80,1),(9684,279,'2017-12-04 15:28:50',3,5,600,80,1),(9685,281,'2017-12-04 15:28:52',4,5,672,80,1),(9686,280,'2017-12-04 15:28:52',3,5,619,80,1),(9687,281,'2017-12-04 15:28:54',4,5,640,80,1),(9688,280,'2017-12-04 15:28:55',3,5,633,80,1),(9689,281,'2017-12-04 15:28:56',4,5,675,80,1),(9690,280,'2017-12-04 15:28:58',3,5,598,80,1),(9691,279,'2017-12-04 15:28:59',4,5,652,80,1),(9692,281,'2017-12-04 15:29:02',4,5,639,80,1),(9693,281,'2017-12-04 15:29:04',3,5,598,80,1),(9694,280,'2017-12-04 15:29:04',3,5,669,80,1),(9695,281,'2017-12-04 15:29:06',3,5,683,80,1),(9696,281,'2017-12-04 15:29:08',3,5,633,80,1),(9697,280,'2017-12-04 15:29:08',3,5,625,80,1),(9698,279,'2017-12-04 15:29:11',4,5,639,80,1),(9699,281,'2017-12-04 15:29:11',2,5,659,80,1),(9700,281,'2017-12-04 15:29:13',3,5,622,80,1),(9701,281,'2017-12-04 15:29:15',2,5,636,80,1),(9702,281,'2017-12-04 15:29:17',5,5,658,80,1),(9703,279,'2017-12-04 15:29:19',2,5,643,80,1),(9704,281,'2017-12-04 15:29:20',4,5,682,80,1),(9705,281,'2017-12-04 15:29:23',5,5,618,80,1),(9706,279,'2017-12-04 15:29:25',3,5,641,80,1),(9707,281,'2017-12-04 15:29:27',5,5,614,80,1),(9708,281,'2017-12-04 15:29:30',2,5,673,80,1),(9709,279,'2017-12-04 15:29:33',3,5,683,80,1),(9710,281,'2017-12-04 15:29:33',2,5,676,80,1),(9711,281,'2017-12-04 15:29:35',1,5,651,80,1),(9712,281,'2017-12-04 15:29:38',1,5,653,80,1),(9713,281,'2017-12-04 15:29:40',1,5,620,80,1),(9714,281,'2017-12-04 15:29:43',5,5,669,80,1),(9715,279,'2017-12-04 15:29:44',3,5,673,80,1),(9716,281,'2017-12-04 15:29:46',4,5,616,80,1),(9717,281,'2017-12-04 15:29:48',3,5,646,80,1),(9718,281,'2017-12-04 15:29:50',2,5,656,80,1),(9719,281,'2017-12-04 15:29:52',1,5,596,80,1),(9720,279,'2017-12-04 15:29:54',3,5,678,80,1),(9721,281,'2017-12-04 15:29:54',4,5,649,80,1),(9722,281,'2017-12-04 15:29:57',4,5,654,80,1),(9723,281,'2017-12-04 15:30:00',4,5,685,80,1),(9724,281,'2017-12-04 15:30:03',5,5,595,80,1),(9725,280,'2017-12-04 15:30:09',4,5,631,80,1),(9726,279,'2017-12-04 15:30:10',2,5,636,80,1),(9727,280,'2017-12-04 15:30:13',3,5,605,80,1),(9728,280,'2017-12-04 15:30:16',3,5,611,80,1),(9729,280,'2017-12-04 15:30:20',5,5,695,80,1),(9730,282,'2017-12-04 15:30:26',4,5,634,80,1),(9731,282,'2017-12-04 15:30:28',4,5,653,80,1),(9732,282,'2017-12-04 15:30:30',3,5,673,80,1),(9733,279,'2017-12-04 15:30:34',4,5,623,80,1),(9734,282,'2017-12-04 15:30:35',4,5,686,80,1),(9735,282,'2017-12-04 15:30:38',3,5,647,80,1),(9736,282,'2017-12-04 15:30:40',2,5,667,80,1),(9737,279,'2017-12-04 15:30:41',3,5,660,80,1),(9738,282,'2017-12-04 15:30:43',4,5,665,80,1),(9739,279,'2017-12-04 15:30:45',4,5,596,80,1),(9740,282,'2017-12-04 15:30:45',2,5,602,80,1),(9741,282,'2017-12-04 15:30:47',3,5,603,80,1),(9742,279,'2017-12-04 15:30:49',3,5,612,80,1),(9743,282,'2017-12-04 15:30:50',2,5,692,80,1),(9744,282,'2017-12-04 15:30:52',2,5,654,80,1),(9745,279,'2017-12-04 15:30:55',3,5,668,80,1),(9746,282,'2017-12-04 15:30:56',2,5,670,80,1),(9747,282,'2017-12-04 15:31:00',2,5,695,80,1),(9748,279,'2017-12-04 15:31:02',3,5,598,80,1),(9749,282,'2017-12-04 15:31:03',3,5,624,80,1),(9750,282,'2017-12-04 15:31:05',2,5,690,80,1),(9751,279,'2017-12-04 15:31:07',3,5,686,80,1),(9752,282,'2017-12-04 15:31:08',1,5,642,80,1),(9753,282,'2017-12-04 15:31:10',2,5,599,80,1),(9754,282,'2017-12-04 15:31:13',4,5,635,80,1),(9755,282,'2017-12-04 15:31:16',4,5,674,80,1),(9756,282,'2017-12-04 15:31:18',3,5,604,80,1),(9757,282,'2017-12-04 15:31:22',2,5,639,80,1),(9758,282,'2017-12-04 15:31:24',2,5,620,80,1),(9759,282,'2017-12-04 15:31:26',2,5,662,80,1),(9760,282,'2017-12-04 15:31:29',2,5,622,80,1),(9761,282,'2017-12-04 15:31:31',1,5,630,80,1),(9762,282,'2017-12-04 15:31:33',4,5,600,80,1),(9763,282,'2017-12-04 15:31:35',3,5,649,80,1),(9764,282,'2017-12-04 15:31:38',3,5,666,80,1),(9765,282,'2017-12-04 15:31:40',2,5,646,80,1),(9766,282,'2017-12-04 15:31:43',1,5,606,80,1),(9767,282,'2017-12-04 15:31:45',2,5,615,80,1),(9768,279,'2017-12-04 15:31:48',2,5,606,80,1),(9769,282,'2017-12-04 15:31:49',5,5,691,80,1),(9770,282,'2017-12-04 15:31:51',4,5,644,80,1),(9771,282,'2017-12-04 15:31:53',4,5,681,80,1),(9772,279,'2017-12-04 15:31:55',1,5,646,80,1),(9773,282,'2017-12-04 15:31:56',3,5,655,80,1),(9774,282,'2017-12-04 15:31:58',1,5,643,80,1),(9775,282,'2017-12-04 15:32:00',5,5,678,80,1),(9776,282,'2017-12-04 15:32:03',4,5,679,80,1),(9777,282,'2017-12-04 15:32:05',4,5,617,80,1),(9778,282,'2017-12-04 15:32:07',5,5,652,80,1),(9779,282,'2017-12-04 15:32:09',4,5,656,80,1),(9780,282,'2017-12-04 15:32:11',4,5,621,80,1),(9781,282,'2017-12-04 15:32:14',4,5,659,80,1),(9782,282,'2017-12-04 15:32:17',5,5,618,80,1),(9783,279,'2017-12-04 15:32:18',1,5,684,80,1),(9784,282,'2017-12-04 15:32:19',1,5,689,80,1),(9785,282,'2017-12-04 15:32:21',2,5,641,80,1),(9786,282,'2017-12-04 15:32:24',2,5,632,80,1),(9787,282,'2017-12-04 15:32:28',4,5,645,80,1),(9788,282,'2017-12-04 15:32:30',3,5,629,80,1),(9789,279,'2017-12-04 15:32:31',2,5,665,80,1),(9790,282,'2017-12-04 15:32:32',2,5,616,80,1),(9791,282,'2017-12-04 15:32:34',1,5,684,80,1),(9792,282,'2017-12-04 15:32:35',1,5,663,80,1),(9793,282,'2017-12-04 15:32:37',2,5,598,80,1),(9794,282,'2017-12-04 15:32:39',5,5,648,80,1),(9795,279,'2017-12-04 15:32:41',3,5,625,80,1),(9796,282,'2017-12-04 15:32:41',5,5,685,80,1),(9797,282,'2017-12-04 15:32:43',4,5,682,80,1),(9798,282,'2017-12-04 15:32:45',3,5,676,80,1),(9799,282,'2017-12-04 15:32:47',3,5,612,80,1),(9800,282,'2017-12-04 15:32:50',4,5,669,80,1),(9801,282,'2017-12-04 15:32:52',4,5,668,80,1),(9802,279,'2017-12-04 15:32:54',4,5,637,80,1),(9803,282,'2017-12-04 15:32:54',4,5,605,80,1),(9804,282,'2017-12-04 15:32:57',4,5,637,80,1),(9805,282,'2017-12-04 15:32:59',2,5,694,80,1),(9806,279,'2017-12-04 15:33:00',2,5,662,80,1),(9807,282,'2017-12-04 15:33:01',1,5,693,80,1),(9808,282,'2017-12-04 15:33:03',1,5,675,80,1),(9809,282,'2017-12-04 15:33:05',3,5,683,80,1),(9810,282,'2017-12-04 15:33:07',2,5,636,80,1),(9811,282,'2017-12-04 15:33:10',2,5,610,80,1),(9812,282,'2017-12-04 15:33:12',5,5,628,80,1),(9813,282,'2017-12-04 15:33:15',5,5,614,80,1),(9814,282,'2017-12-04 15:33:17',2,5,625,80,1),(9815,282,'2017-12-04 15:33:20',5,5,613,80,1),(9816,282,'2017-12-04 15:33:23',4,5,680,80,1),(9817,282,'2017-12-04 15:33:27',2,5,633,80,1),(9818,282,'2017-12-04 15:33:30',2,5,611,80,1),(9819,282,'2017-12-04 15:33:33',4,5,672,80,1),(9820,282,'2017-12-04 15:33:37',5,5,664,80,1),(9821,282,'2017-12-04 15:33:39',1,5,650,80,1),(9822,282,'2017-12-04 15:33:42',2,5,607,80,1),(9823,282,'2017-12-04 15:33:45',1,5,597,80,1),(9824,282,'2017-12-04 15:33:47',1,5,596,80,1),(9825,282,'2017-12-04 15:33:50',4,5,601,80,1),(9826,282,'2017-12-04 15:33:52',2,5,677,80,1),(9827,282,'2017-12-04 15:33:55',1,5,671,80,1),(9828,282,'2017-12-04 15:33:57',2,5,608,80,1),(9829,282,'2017-12-04 15:34:01',1,5,609,80,1),(9830,282,'2017-12-04 15:34:03',4,5,657,80,1),(9831,282,'2017-12-04 15:34:05',3,5,631,80,1),(9832,282,'2017-12-04 15:34:07',2,5,687,80,1),(9833,282,'2017-12-04 15:34:08',1,5,661,80,1),(9834,282,'2017-12-04 15:34:11',4,5,619,80,1),(9835,282,'2017-12-04 15:34:13',4,5,651,80,1),(9836,282,'2017-12-04 15:34:15',1,5,627,80,1),(9837,282,'2017-12-04 15:34:16',1,5,623,80,1),(9838,282,'2017-12-04 15:34:19',5,5,658,80,1),(9839,282,'2017-12-04 15:34:21',1,5,638,80,1),(9840,282,'2017-12-04 15:34:24',5,5,626,80,1),(9841,282,'2017-12-04 15:34:26',4,5,688,80,1),(9842,282,'2017-12-04 15:34:29',4,5,595,80,1),(9843,282,'2017-12-04 15:34:31',1,5,640,80,1),(9844,282,'2017-12-04 15:34:34',4,5,660,80,1),(9845,262,'2017-12-04 15:36:16',2,5,730,82,1),(9846,271,'2017-12-04 15:36:22',1,5,742,82,1),(9847,262,'2017-12-04 15:36:24',2,5,783,82,1),(9848,268,'2017-12-04 15:36:27',1,5,742,82,1),(9849,282,'2017-12-04 15:36:28',3,5,765,82,1),(9850,265,'2017-12-04 15:36:28',4,5,776,82,1),(9851,262,'2017-12-04 15:36:28',3,5,751,82,1),(9852,271,'2017-12-04 15:36:28',1,5,782,82,1),(9853,268,'2017-12-04 15:36:29',1,5,766,82,1),(9854,269,'2017-12-04 15:36:29',5,5,710,82,1),(9855,267,'2017-12-04 15:36:30',2,5,770,82,1),(9856,270,'2017-12-04 15:36:30',4,5,749,82,1),(9857,282,'2017-12-04 15:36:31',3,5,722,82,1),(9858,266,'2017-12-04 15:36:31',4,5,703,82,1),(9859,267,'2017-12-04 15:36:31',1,5,727,82,1),(9860,262,'2017-12-04 15:36:33',3,5,771,82,1),(9861,282,'2017-12-04 15:36:33',4,5,703,82,1),(9862,270,'2017-12-04 15:36:33',3,5,740,82,1),(9863,265,'2017-12-04 15:36:34',2,5,726,82,1),(9864,268,'2017-12-04 15:36:34',3,5,762,82,1),(9865,267,'2017-12-04 15:36:34',2,5,752,82,1),(9866,264,'2017-12-04 15:36:34',1,5,715,82,1),(9867,262,'2017-12-04 15:36:35',1,5,729,82,1),(9868,269,'2017-12-04 15:36:35',3,5,771,82,1),(9869,282,'2017-12-04 15:36:35',1,5,727,82,1),(9870,271,'2017-12-04 15:36:36',5,5,780,82,1),(9871,270,'2017-12-04 15:36:36',4,5,709,82,1),(9872,266,'2017-12-04 15:36:36',2,5,764,82,1),(9873,282,'2017-12-04 15:36:37',1,5,726,82,1),(9874,262,'2017-12-04 15:36:37',1,5,713,82,1),(9875,268,'2017-12-04 15:36:38',3,5,758,82,1),(9876,267,'2017-12-04 15:36:38',3,5,756,82,1),(9877,270,'2017-12-04 15:36:38',4,5,745,82,1),(9878,265,'2017-12-04 15:36:39',1,5,747,82,1),(9879,266,'2017-12-04 15:36:39',1,5,762,82,1),(9880,262,'2017-12-04 15:36:40',2,5,708,82,1),(9881,267,'2017-12-04 15:36:40',4,5,699,82,1),(9882,275,'2017-12-04 15:36:40',4,5,718,82,1),(9883,270,'2017-12-04 15:36:41',2,5,778,82,1),(9884,282,'2017-12-04 15:36:41',4,5,721,82,1),(9885,268,'2017-12-04 15:36:41',5,5,710,82,1),(9886,269,'2017-12-04 15:36:41',1,5,747,82,1),(9887,271,'2017-12-04 15:36:41',2,5,702,82,1),(9888,266,'2017-12-04 15:36:42',4,5,701,82,1),(9889,267,'2017-12-04 15:36:42',2,5,748,82,1),(9890,262,'2017-12-04 15:36:43',3,5,773,82,1),(9891,264,'2017-12-04 15:36:44',1,5,712,82,1),(9892,270,'2017-12-04 15:36:44',4,5,736,82,1),(9893,268,'2017-12-04 15:36:44',2,5,715,82,1),(9894,282,'2017-12-04 15:36:44',4,5,728,82,1),(9895,267,'2017-12-04 15:36:44',1,5,723,82,1),(9896,275,'2017-12-04 15:36:45',3,5,764,82,1),(9897,268,'2017-12-04 15:36:46',1,5,752,82,1),(9898,271,'2017-12-04 15:36:46',1,5,765,82,1),(9899,266,'2017-12-04 15:36:46',2,5,711,82,1),(9900,282,'2017-12-04 15:36:46',3,5,781,82,1),(9901,270,'2017-12-04 15:36:46',3,5,764,82,1),(9902,275,'2017-12-04 15:36:48',3,5,734,82,1),(9903,270,'2017-12-04 15:36:48',1,5,711,82,1),(9904,282,'2017-12-04 15:36:48',4,5,772,82,1),(9905,267,'2017-12-04 15:36:49',4,5,769,82,1),(9906,269,'2017-12-04 15:36:49',4,5,718,82,1),(9907,262,'2017-12-04 15:36:49',5,5,710,82,1),(9908,266,'2017-12-04 15:36:49',2,5,756,82,1),(9909,265,'2017-12-04 15:36:49',4,5,773,82,1),(9910,259,'2017-12-04 15:36:50',2,5,722,82,1),(9911,275,'2017-12-04 15:36:50',3,5,784,82,1),(9912,270,'2017-12-04 15:36:51',1,5,742,82,1),(9913,282,'2017-12-04 15:36:51',3,5,778,82,1),(9914,264,'2017-12-04 15:36:51',2,5,704,82,1),(9915,262,'2017-12-04 15:36:51',1,5,723,82,1),(9916,267,'2017-12-04 15:36:52',1,5,712,82,1),(9917,263,'2017-12-04 15:36:52',3,5,767,82,1),(9918,268,'2017-12-04 15:36:52',3,5,743,82,1),(9919,271,'2017-12-04 15:36:52',3,5,760,82,1),(9920,266,'2017-12-04 15:36:52',1,5,727,82,1),(9921,270,'2017-12-04 15:36:53',3,5,715,82,1),(9922,282,'2017-12-04 15:36:53',4,5,760,82,1),(9923,259,'2017-12-04 15:36:54',2,5,720,82,1),(9924,262,'2017-12-04 15:36:55',5,5,764,82,1),(9925,263,'2017-12-04 15:36:55',4,5,769,82,1),(9926,270,'2017-12-04 15:36:55',2,5,729,82,1),(9927,266,'2017-12-04 15:36:55',3,5,776,82,1),(9928,275,'2017-12-04 15:36:55',3,5,761,82,1),(9929,267,'2017-12-04 15:36:55',5,5,718,82,1),(9930,268,'2017-12-04 15:36:56',3,5,750,82,1),(9931,259,'2017-12-04 15:36:56',2,5,767,82,1),(9932,282,'2017-12-04 15:36:56',5,5,754,82,1),(9933,264,'2017-12-04 15:36:56',4,5,725,82,1),(9934,265,'2017-12-04 15:36:57',3,5,761,82,1),(9935,270,'2017-12-04 15:36:57',4,5,771,82,1),(9936,269,'2017-12-04 15:36:57',4,5,754,82,1),(9937,271,'2017-12-04 15:36:57',3,5,719,82,1),(9938,275,'2017-12-04 15:36:57',2,5,719,82,1),(9939,263,'2017-12-04 15:36:58',4,5,761,82,1),(9940,259,'2017-12-04 15:36:58',1,5,702,82,1),(9941,274,'2017-12-04 15:36:58',4,5,721,82,1),(9942,262,'2017-12-04 15:36:59',2,5,725,82,1),(9943,266,'2017-12-04 15:37:00',3,5,773,82,1),(9944,282,'2017-12-04 15:37:00',5,5,776,82,1),(9945,267,'2017-12-04 15:37:01',5,5,780,82,1),(9946,275,'2017-12-04 15:37:01',3,5,701,82,1),(9947,259,'2017-12-04 15:37:01',4,5,709,82,1),(9948,262,'2017-12-04 15:37:02',2,5,777,82,1),(9949,270,'2017-12-04 15:37:02',2,5,719,82,1),(9950,265,'2017-12-04 15:37:02',3,5,701,82,1),(9951,263,'2017-12-04 15:37:03',2,5,750,82,1),(9952,274,'2017-12-04 15:37:03',1,5,765,82,1),(9953,268,'2017-12-04 15:37:03',3,5,707,82,1),(9954,266,'2017-12-04 15:37:03',2,5,715,82,1),(9955,282,'2017-12-04 15:37:03',3,5,699,82,1),(9956,259,'2017-12-04 15:37:04',4,5,778,82,1),(9957,262,'2017-12-04 15:37:04',2,5,735,82,1),(9958,270,'2017-12-04 15:37:04',4,5,725,82,1),(9959,263,'2017-12-04 15:37:05',1,5,729,82,1),(9960,275,'2017-12-04 15:37:05',4,5,760,82,1),(9961,267,'2017-12-04 15:37:05',5,5,709,82,1),(9962,269,'2017-12-04 15:37:06',5,5,763,82,1),(9963,282,'2017-12-04 15:37:06',4,5,757,82,1),(9964,268,'2017-12-04 15:37:07',4,5,767,82,1),(9965,259,'2017-12-04 15:37:07',2,5,737,82,1),(9966,262,'2017-12-04 15:37:07',3,5,755,82,1),(9967,266,'2017-12-04 15:37:07',2,5,720,82,1),(9968,263,'2017-12-04 15:37:07',1,5,710,82,1),(9969,275,'2017-12-04 15:37:07',3,5,707,82,1),(9970,274,'2017-12-04 15:37:07',4,5,699,82,1),(9971,264,'2017-12-04 15:37:08',3,5,721,82,1),(9972,267,'2017-12-04 15:37:08',2,5,742,82,1),(9973,270,'2017-12-04 15:37:09',4,5,755,82,1),(9974,259,'2017-12-04 15:37:09',1,5,782,82,1),(9975,275,'2017-12-04 15:37:10',2,5,762,82,1),(9976,262,'2017-12-04 15:37:10',1,5,737,82,1),(9977,266,'2017-12-04 15:37:10',3,5,736,82,1),(9978,265,'2017-12-04 15:37:10',3,5,740,82,1),(9979,269,'2017-12-04 15:37:10',5,5,714,82,1),(9980,282,'2017-12-04 15:37:11',3,5,758,82,1),(9981,259,'2017-12-04 15:37:11',4,5,777,82,1),(9982,270,'2017-12-04 15:37:12',4,5,769,82,1),(9983,274,'2017-12-04 15:37:12',3,5,749,82,1),(9984,275,'2017-12-04 15:37:12',3,5,775,82,1),(9985,282,'2017-12-04 15:37:13',2,5,729,82,1),(9986,259,'2017-12-04 15:37:13',2,5,728,82,1),(9987,271,'2017-12-04 15:37:13',4,5,776,82,1),(9988,267,'2017-12-04 15:37:14',5,5,746,82,1),(9989,270,'2017-12-04 15:37:14',4,5,758,82,1),(9990,263,'2017-12-04 15:37:14',4,5,757,82,1),(9991,275,'2017-12-04 15:37:14',3,5,713,82,1),(9992,264,'2017-12-04 15:37:15',3,5,771,82,1),(9993,266,'2017-12-04 15:37:15',3,5,741,82,1),(9994,274,'2017-12-04 15:37:15',4,5,731,82,1),(9995,269,'2017-12-04 15:37:15',2,5,775,82,1),(9996,282,'2017-12-04 15:37:15',3,5,713,82,1),(9997,265,'2017-12-04 15:37:16',3,5,767,82,1),(9998,262,'2017-12-04 15:37:16',3,5,750,82,1),(9999,259,'2017-12-04 15:37:16',4,5,776,82,1),(10000,275,'2017-12-04 15:37:17',4,5,749,82,1),(10001,271,'2017-12-04 15:37:17',3,5,773,82,1),(10002,266,'2017-12-04 15:37:18',2,5,757,82,1),(10003,270,'2017-12-04 15:37:18',4,5,767,82,1),(10004,269,'2017-12-04 15:37:18',2,5,719,82,1),(10005,282,'2017-12-04 15:37:19',5,5,714,82,1),(10006,275,'2017-12-04 15:37:19',2,5,742,82,1),(10007,259,'2017-12-04 15:37:20',4,5,763,82,1),(10008,262,'2017-12-04 15:37:20',4,5,757,82,1),(10009,274,'2017-12-04 15:37:20',3,5,716,82,1),(10010,265,'2017-12-04 15:37:21',2,5,743,82,1),(10011,270,'2017-12-04 15:37:21',1,5,713,82,1),(10012,271,'2017-12-04 15:37:21',3,5,718,82,1),(10013,266,'2017-12-04 15:37:21',1,5,766,82,1),(10014,263,'2017-12-04 15:37:22',5,5,758,82,1),(10015,267,'2017-12-04 15:37:22',4,5,744,82,1),(10016,282,'2017-12-04 15:37:23',2,5,756,82,1),(10017,262,'2017-12-04 15:37:23',2,5,720,82,1),(10018,259,'2017-12-04 15:37:23',4,5,757,82,1),(10019,274,'2017-12-04 15:37:24',1,5,735,82,1),(10020,270,'2017-12-04 15:37:24',4,5,751,82,1),(10021,271,'2017-12-04 15:37:24',1,5,706,82,1),(10022,264,'2017-12-04 15:37:24',2,5,720,82,1),(10023,266,'2017-12-04 15:37:24',2,5,748,82,1),(10024,275,'2017-12-04 15:37:25',2,5,729,82,1),(10025,282,'2017-12-04 15:37:25',1,5,712,82,1),(10026,267,'2017-12-04 15:37:25',2,5,737,82,1),(10027,269,'2017-12-04 15:37:26',4,5,768,82,1),(10028,265,'2017-12-04 15:37:26',4,5,757,82,1),(10029,270,'2017-12-04 15:37:27',4,5,722,82,1),(10030,259,'2017-12-04 15:37:27',1,5,704,82,1),(10031,282,'2017-12-04 15:37:27',1,5,706,82,1),(10032,266,'2017-12-04 15:37:27',2,5,712,82,1),(10033,274,'2017-12-04 15:37:28',3,5,707,82,1),(10034,275,'2017-12-04 15:37:28',4,5,772,82,1),(10035,271,'2017-12-04 15:37:29',4,5,761,82,1),(10036,263,'2017-12-04 15:37:29',1,5,762,82,1),(10037,264,'2017-12-04 15:37:29',2,5,735,82,1),(10038,270,'2017-12-04 15:37:29',4,5,753,82,1),(10039,262,'2017-12-04 15:37:29',3,5,780,82,1),(10040,269,'2017-12-04 15:37:30',2,5,711,82,1),(10041,267,'2017-12-04 15:37:30',2,5,734,82,1),(10042,282,'2017-12-04 15:37:31',2,5,701,82,1),(10043,266,'2017-12-04 15:37:31',4,5,783,82,1),(10044,275,'2017-12-04 15:37:31',3,5,711,82,1),(10045,262,'2017-12-04 15:37:31',1,5,742,82,1),(10046,265,'2017-12-04 15:37:32',2,5,770,82,1),(10047,274,'2017-12-04 15:37:32',3,5,774,82,1),(10048,259,'2017-12-04 15:37:33',1,5,752,82,1),(10049,263,'2017-12-04 15:37:33',2,5,738,82,1),(10050,270,'2017-12-04 15:37:33',5,5,776,82,1),(10051,267,'2017-12-04 15:37:34',1,5,765,82,1),(10052,275,'2017-12-04 15:37:34',3,5,783,82,1),(10053,264,'2017-12-04 15:37:34',1,5,734,82,1),(10054,266,'2017-12-04 15:37:34',3,5,709,82,1),(10055,259,'2017-12-04 15:37:35',1,5,784,82,1),(10056,262,'2017-12-04 15:37:35',2,5,743,82,1),(10057,271,'2017-12-04 15:37:36',4,5,753,82,1),(10058,274,'2017-12-04 15:37:36',2,5,704,82,1),(10059,267,'2017-12-04 15:37:36',1,5,733,82,1),(10060,270,'2017-12-04 15:37:36',2,5,748,82,1),(10061,282,'2017-12-04 15:37:36',3,5,753,82,1),(10062,259,'2017-12-04 15:37:37',2,5,736,82,1),(10063,268,'2017-12-04 15:37:37',3,5,748,82,1),(10064,265,'2017-12-04 15:37:37',3,5,736,82,1),(10065,266,'2017-12-04 15:37:38',2,5,702,82,1),(10066,275,'2017-12-04 15:37:38',1,5,752,82,1),(10067,267,'2017-12-04 15:37:39',1,5,782,82,1),(10068,270,'2017-12-04 15:37:39',1,5,727,82,1),(10069,282,'2017-12-04 15:37:39',4,5,784,82,1),(10070,263,'2017-12-04 15:37:39',5,5,744,82,1),(10071,269,'2017-12-04 15:37:39',4,5,749,82,1),(10072,262,'2017-12-04 15:37:39',2,5,709,82,1),(10073,274,'2017-12-04 15:37:39',3,5,776,82,1),(10074,259,'2017-12-04 15:37:39',1,5,712,82,1),(10075,265,'2017-12-04 15:37:40',3,5,705,82,1),(10076,267,'2017-12-04 15:37:41',4,5,741,82,1),(10077,282,'2017-12-04 15:37:41',3,5,717,82,1),(10078,266,'2017-12-04 15:37:41',2,5,750,82,1),(10079,270,'2017-12-04 15:37:41',4,5,744,82,1),(10080,271,'2017-12-04 15:37:42',3,5,741,82,1),(10081,268,'2017-12-04 15:37:42',4,5,725,82,1),(10082,262,'2017-12-04 15:37:42',4,5,759,82,1),(10083,264,'2017-12-04 15:37:43',4,5,718,82,1),(10084,282,'2017-12-04 15:37:43',1,5,770,82,1),(10085,259,'2017-12-04 15:37:43',2,5,719,82,1),(10086,265,'2017-12-04 15:37:43',2,5,734,82,1),(10087,269,'2017-12-04 15:37:44',3,5,769,82,1),(10088,267,'2017-12-04 15:37:44',5,5,714,82,1),(10089,274,'2017-12-04 15:37:45',4,5,745,82,1),(10090,266,'2017-12-04 15:37:45',4,5,724,82,1),(10091,270,'2017-12-04 15:37:45',2,5,741,82,1),(10092,275,'2017-12-04 15:37:46',4,5,776,82,1),(10093,282,'2017-12-04 15:37:47',1,5,716,82,1),(10094,267,'2017-12-04 15:37:47',5,5,772,82,1),(10095,259,'2017-12-04 15:37:47',1,5,700,82,1),(10096,271,'2017-12-04 15:37:48',4,5,721,82,1),(10097,262,'2017-12-04 15:37:48',3,5,724,82,1),(10098,279,'2017-12-04 15:37:48',2,5,740,82,1),(10099,269,'2017-12-04 15:37:48',4,5,721,82,1),(10100,266,'2017-12-04 15:37:48',5,5,738,82,1),(10101,282,'2017-12-04 15:37:49',1,5,742,82,1),(10102,270,'2017-12-04 15:37:49',5,5,718,82,1),(10103,275,'2017-12-04 15:37:49',3,5,702,82,1),(10104,264,'2017-12-04 15:37:49',3,5,728,82,1),(10105,265,'2017-12-04 15:37:50',4,5,732,82,1),(10106,267,'2017-12-04 15:37:50',4,5,725,82,1),(10107,274,'2017-12-04 15:37:50',4,5,710,82,1),(10108,268,'2017-12-04 15:37:50',3,5,730,82,1),(10109,259,'2017-12-04 15:37:51',1,5,770,82,1),(10110,270,'2017-12-04 15:37:51',4,5,783,82,1),(10111,271,'2017-12-04 15:37:51',2,5,756,82,1),(10112,266,'2017-12-04 15:37:52',3,5,717,82,1),(10113,282,'2017-12-04 15:37:52',3,5,769,82,1),(10114,265,'2017-12-04 15:37:53',2,5,719,82,1),(10115,267,'2017-12-04 15:37:53',4,5,701,82,1),(10116,274,'2017-12-04 15:37:53',2,5,726,82,1),(10117,259,'2017-12-04 15:37:53',1,5,727,82,1),(10118,270,'2017-12-04 15:37:53',4,5,724,82,1),(10119,269,'2017-12-04 15:37:54',3,5,741,82,1),(10120,268,'2017-12-04 15:37:54',4,5,776,82,1),(10121,266,'2017-12-04 15:37:55',2,5,697,82,1),(10122,274,'2017-12-04 15:37:55',1,5,742,82,1),(10123,270,'2017-12-04 15:37:55',3,5,714,82,1),(10124,259,'2017-12-04 15:37:56',3,5,758,82,1),(10125,262,'2017-12-04 15:37:56',4,5,718,82,1),(10126,267,'2017-12-04 15:37:56',1,5,739,82,1),(10127,282,'2017-12-04 15:37:57',2,5,704,82,1),(10128,275,'2017-12-04 15:37:58',3,5,773,82,1),(10129,270,'2017-12-04 15:37:58',5,5,780,82,1),(10130,268,'2017-12-04 15:37:58',1,5,726,82,1),(10131,274,'2017-12-04 15:37:59',4,5,746,82,1),(10132,282,'2017-12-04 15:37:59',2,5,775,82,1),(10133,259,'2017-12-04 15:38:00',1,5,723,82,1),(10134,267,'2017-12-04 15:38:00',4,5,784,82,1),(10135,266,'2017-12-04 15:38:00',2,5,743,82,1),(10136,263,'2017-12-04 15:38:01',3,5,749,82,1),(10137,265,'2017-12-04 15:38:01',4,5,699,82,1),(10138,264,'2017-12-04 15:38:01',1,5,779,82,1),(10139,282,'2017-12-04 15:38:02',4,5,759,82,1),(10140,267,'2017-12-04 15:38:03',1,5,779,82,1),(10141,262,'2017-12-04 15:38:03',2,5,781,82,1),(10142,268,'2017-12-04 15:38:03',4,5,724,82,1),(10143,259,'2017-12-04 15:38:03',2,5,743,82,1),(10144,266,'2017-12-04 15:38:04',2,5,760,82,1),(10145,269,'2017-12-04 15:38:04',3,5,784,82,1),(10146,275,'2017-12-04 15:38:04',1,5,723,82,1),(10147,263,'2017-12-04 15:38:05',5,5,714,82,1),(10148,265,'2017-12-04 15:38:05',2,5,748,82,1),(10149,267,'2017-12-04 15:38:05',5,5,757,82,1),(10150,259,'2017-12-04 15:38:05',2,5,734,82,1),(10151,282,'2017-12-04 15:38:06',4,5,719,82,1),(10152,264,'2017-12-04 15:38:06',4,5,744,82,1),(10153,275,'2017-12-04 15:38:06',4,5,763,82,1),(10154,263,'2017-12-04 15:38:06',1,5,739,82,1),(10155,270,'2017-12-04 15:38:07',5,5,768,82,1),(10156,266,'2017-12-04 15:38:07',3,5,730,82,1),(10157,262,'2017-12-04 15:38:07',5,5,749,82,1),(10158,259,'2017-12-04 15:38:07',1,5,703,82,1),(10159,279,'2017-12-04 15:38:07',4,5,783,82,1),(10160,271,'2017-12-04 15:38:08',3,5,755,82,1),(10161,282,'2017-12-04 15:38:08',3,5,752,82,1),(10162,267,'2017-12-04 15:38:08',5,5,717,82,1),(10163,269,'2017-12-04 15:38:09',3,5,774,82,1),(10164,259,'2017-12-04 15:38:09',1,5,749,82,1),(10165,263,'2017-12-04 15:38:09',2,5,784,82,1),(10166,268,'2017-12-04 15:38:09',3,5,764,82,1),(10167,262,'2017-12-04 15:38:10',1,5,727,82,1),(10168,266,'2017-12-04 15:38:10',3,5,770,82,1),(10169,259,'2017-12-04 15:38:10',1,5,783,82,1),(10170,282,'2017-12-04 15:38:11',2,5,773,82,1),(10171,271,'2017-12-04 15:38:11',1,5,739,82,1),(10172,267,'2017-12-04 15:38:12',2,5,715,82,1),(10173,265,'2017-12-04 15:38:12',4,5,753,82,1),(10174,262,'2017-12-04 15:38:12',1,5,766,82,1),(10175,270,'2017-12-04 15:38:12',1,5,782,82,1),(10176,282,'2017-12-04 15:38:13',3,5,715,82,1),(10177,259,'2017-12-04 15:38:13',1,5,713,82,1),(10178,263,'2017-12-04 15:38:13',1,5,706,82,1),(10179,275,'2017-12-04 15:38:13',5,5,721,82,1),(10180,266,'2017-12-04 15:38:14',4,5,721,82,1),(10181,269,'2017-12-04 15:38:14',4,5,746,82,1),(10182,274,'2017-12-04 15:38:14',4,5,780,82,1),(10183,262,'2017-12-04 15:38:15',2,5,734,82,1),(10184,259,'2017-12-04 15:38:15',1,5,701,82,1),(10185,264,'2017-12-04 15:38:16',2,5,724,82,1),(10186,263,'2017-12-04 15:38:16',2,5,707,82,1),(10187,282,'2017-12-04 15:38:16',2,5,771,82,1),(10188,259,'2017-12-04 15:38:16',2,5,768,82,1),(10189,272,'2017-12-04 15:38:16',2,5,739,82,1),(10190,266,'2017-12-04 15:38:17',5,5,780,82,1),(10191,270,'2017-12-04 15:38:17',4,5,747,82,1),(10192,269,'2017-12-04 15:38:17',2,5,729,82,1),(10193,267,'2017-12-04 15:38:17',4,5,738,82,1),(10194,259,'2017-12-04 15:38:18',2,5,725,82,1),(10195,265,'2017-12-04 15:38:18',4,5,756,82,1),(10196,274,'2017-12-04 15:38:18',4,5,711,82,1),(10197,263,'2017-12-04 15:38:19',2,5,781,82,1),(10198,275,'2017-12-04 15:38:19',3,5,736,82,1),(10199,270,'2017-12-04 15:38:19',4,5,784,82,1),(10200,266,'2017-12-04 15:38:20',3,5,726,82,1),(10201,259,'2017-12-04 15:38:20',3,5,781,82,1),(10202,271,'2017-12-04 15:38:20',2,5,768,82,1),(10203,269,'2017-12-04 15:38:20',1,5,765,82,1),(10204,282,'2017-12-04 15:38:20',1,5,779,82,1),(10205,267,'2017-12-04 15:38:21',3,5,767,82,1),(10206,264,'2017-12-04 15:38:21',3,5,760,82,1),(10207,262,'2017-12-04 15:38:21',4,5,705,82,1),(10208,259,'2017-12-04 15:38:21',3,5,774,82,1),(10209,270,'2017-12-04 15:38:22',4,5,754,82,1),(10210,265,'2017-12-04 15:38:22',2,5,768,82,1),(10211,274,'2017-12-04 15:38:22',2,5,750,82,1),(10212,263,'2017-12-04 15:38:23',5,5,759,82,1),(10213,259,'2017-12-04 15:38:23',3,5,730,82,1),(10214,275,'2017-12-04 15:38:23',2,5,740,82,1),(10215,266,'2017-12-04 15:38:23',4,5,718,82,1),(10216,272,'2017-12-04 15:38:23',1,5,762,82,1),(10217,267,'2017-12-04 15:38:24',4,5,751,82,1),(10218,282,'2017-12-04 15:38:24',1,5,708,82,1),(10219,271,'2017-12-04 15:38:24',1,5,735,82,1),(10220,262,'2017-12-04 15:38:25',2,5,722,82,1),(10221,263,'2017-12-04 15:38:25',1,5,782,82,1),(10222,259,'2017-12-04 15:38:25',4,5,708,82,1),(10223,267,'2017-12-04 15:38:26',5,5,731,82,1),(10224,274,'2017-12-04 15:38:26',4,5,771,82,1),(10225,265,'2017-12-04 15:38:26',3,5,755,82,1),(10226,282,'2017-12-04 15:38:26',2,5,725,82,1),(10227,269,'2017-12-04 15:38:26',3,5,760,82,1),(10228,266,'2017-12-04 15:38:26',2,5,716,82,1),(10229,272,'2017-12-04 15:38:27',1,5,752,82,1),(10230,259,'2017-12-04 15:38:27',4,5,769,82,1),(10231,271,'2017-12-04 15:38:28',1,5,715,82,1),(10232,262,'2017-12-04 15:38:28',3,5,703,82,1),(10233,259,'2017-12-04 15:38:29',1,5,742,82,1),(10234,263,'2017-12-04 15:38:29',4,5,768,82,1),(10235,282,'2017-12-04 15:38:29',1,5,739,82,1),(10236,267,'2017-12-04 15:38:30',5,5,776,82,1),(10237,265,'2017-12-04 15:38:30',4,5,771,82,1),(10238,270,'2017-12-04 15:38:30',4,5,717,82,1),(10239,259,'2017-12-04 15:38:30',3,5,698,82,1),(10240,262,'2017-12-04 15:38:31',2,5,728,82,1),(10241,274,'2017-12-04 15:38:31',4,5,756,82,1),(10242,266,'2017-12-04 15:38:31',2,5,700,82,1),(10243,268,'2017-12-04 15:38:31',4,5,697,82,1),(10244,282,'2017-12-04 15:38:31',1,5,735,82,1),(10245,272,'2017-12-04 15:38:32',4,5,738,82,1),(10246,271,'2017-12-04 15:38:32',2,5,767,82,1),(10247,259,'2017-12-04 15:38:32',3,5,775,82,1),(10248,259,'2017-12-04 15:38:33',3,5,745,82,1),(10249,267,'2017-12-04 15:38:33',3,5,719,82,1),(10250,270,'2017-12-04 15:38:34',2,5,760,82,1),(10251,259,'2017-12-04 15:38:34',3,5,773,82,1),(10252,259,'2017-12-04 15:38:34',3,5,699,82,1),(10253,274,'2017-12-04 15:38:35',4,5,778,82,1),(10254,259,'2017-12-04 15:38:35',3,5,733,82,1),(10255,264,'2017-12-04 15:38:35',3,5,753,82,1),(10256,266,'2017-12-04 15:38:35',2,5,698,82,1),(10257,272,'2017-12-04 15:38:35',5,5,721,82,1),(10258,259,'2017-12-04 15:38:35',3,5,761,82,1),(10259,282,'2017-12-04 15:38:36',1,5,720,82,1),(10260,259,'2017-12-04 15:38:36',3,5,735,82,1),(10261,270,'2017-12-04 15:38:36',1,5,733,82,1),(10262,259,'2017-12-04 15:38:37',3,5,754,82,1),(10263,265,'2017-12-04 15:38:37',4,5,718,82,1),(10264,267,'2017-12-04 15:38:37',3,5,762,82,1),(10265,259,'2017-12-04 15:38:37',3,5,764,82,1),(10266,262,'2017-12-04 15:38:37',3,5,701,82,1),(10267,269,'2017-12-04 15:38:37',3,5,716,82,1),(10268,268,'2017-12-04 15:38:37',5,5,780,82,1),(10269,259,'2017-12-04 15:38:38',3,5,706,82,1),(10270,274,'2017-12-04 15:38:38',3,5,713,82,1),(10271,266,'2017-12-04 15:38:39',3,5,784,82,1),(10272,275,'2017-12-04 15:38:39',3,5,735,82,1),(10273,259,'2017-12-04 15:38:39',3,5,721,82,1),(10274,271,'2017-12-04 15:38:39',2,5,716,82,1),(10275,270,'2017-12-04 15:38:39',5,5,732,82,1),(10276,282,'2017-12-04 15:38:39',3,5,718,82,1),(10277,272,'2017-12-04 15:38:39',3,5,697,82,1),(10278,259,'2017-12-04 15:38:40',3,5,766,82,1),(10279,259,'2017-12-04 15:38:41',3,5,741,82,1),(10280,262,'2017-12-04 15:38:41',2,5,748,82,1),(10281,275,'2017-12-04 15:38:41',4,5,725,82,1),(10282,259,'2017-12-04 15:38:41',3,5,726,82,1),(10283,267,'2017-12-04 15:38:42',5,5,703,82,1),(10284,265,'2017-12-04 15:38:42',2,5,700,82,1),(10285,270,'2017-12-04 15:38:42',4,5,772,82,1),(10286,259,'2017-12-04 15:38:42',3,5,739,82,1),(10287,268,'2017-12-04 15:38:42',5,5,763,82,1),(10288,279,'2017-12-04 15:38:43',4,5,753,82,1),(10289,266,'2017-12-04 15:38:43',5,5,710,82,1),(10290,259,'2017-12-04 15:38:43',3,5,707,82,1),(10291,282,'2017-12-04 15:38:43',2,5,705,82,1),(10292,259,'2017-12-04 15:38:43',3,5,771,82,1),(10293,264,'2017-12-04 15:38:44',3,5,749,82,1),(10294,274,'2017-12-04 15:38:44',4,5,724,82,1),(10295,262,'2017-12-04 15:38:44',5,5,772,82,1),(10296,259,'2017-12-04 15:38:44',3,5,747,82,1),(10297,270,'2017-12-04 15:38:44',2,5,750,82,1),(10298,272,'2017-12-04 15:38:45',4,5,720,82,1),(10299,263,'2017-12-04 15:38:45',3,5,709,82,1),(10300,269,'2017-12-04 15:38:45',4,5,757,82,1),(10301,259,'2017-12-04 15:38:45',3,5,765,82,1),(10302,282,'2017-12-04 15:38:45',1,5,782,82,1),(10303,259,'2017-12-04 15:38:46',3,5,772,82,1),(10304,270,'2017-12-04 15:38:46',2,5,735,82,1),(10305,266,'2017-12-04 15:38:46',3,5,768,82,1),(10306,259,'2017-12-04 15:38:47',3,5,759,82,1),(10307,265,'2017-12-04 15:38:47',2,5,774,82,1),(10308,262,'2017-12-04 15:38:47',3,5,776,82,1),(10309,275,'2017-12-04 15:38:47',2,5,765,82,1),(10310,274,'2017-12-04 15:38:47',5,5,763,82,1),(10311,268,'2017-12-04 15:38:47',3,5,775,82,1),(10312,282,'2017-12-04 15:38:47',1,5,767,82,1),(10313,263,'2017-12-04 15:38:47',3,5,705,82,1),(10314,259,'2017-12-04 15:38:47',3,5,716,82,1),(10315,267,'2017-12-04 15:38:48',2,5,740,82,1),(10316,269,'2017-12-04 15:38:48',1,5,782,82,1),(10317,270,'2017-12-04 15:38:48',4,5,781,82,1),(10318,259,'2017-12-04 15:38:48',3,5,729,82,1),(10319,271,'2017-12-04 15:38:49',3,5,701,82,1),(10320,266,'2017-12-04 15:38:49',2,5,746,82,1),(10321,259,'2017-12-04 15:38:49',3,5,750,82,1),(10322,270,'2017-12-04 15:38:50',1,5,766,82,1),(10323,259,'2017-12-04 15:38:50',3,5,738,82,1),(10324,263,'2017-12-04 15:38:51',4,5,717,82,1),(10325,259,'2017-12-04 15:38:51',3,5,756,82,1),(10326,275,'2017-12-04 15:38:51',3,5,720,82,1),(10327,262,'2017-12-04 15:38:52',4,5,753,82,1),(10328,264,'2017-12-04 15:38:52',1,5,766,82,1),(10329,270,'2017-12-04 15:38:52',1,5,712,82,1),(10330,282,'2017-12-04 15:38:52',4,5,738,82,1),(10331,259,'2017-12-04 15:38:52',3,5,732,82,1),(10332,279,'2017-12-04 15:38:52',3,5,780,82,1),(10333,269,'2017-12-04 15:38:53',2,5,715,82,1),(10334,265,'2017-12-04 15:38:53',5,5,780,82,1),(10335,274,'2017-12-04 15:38:53',4,5,719,82,1),(10336,259,'2017-12-04 15:38:53',3,5,705,82,1),(10337,271,'2017-12-04 15:38:53',3,5,783,82,1),(10338,263,'2017-12-04 15:38:54',4,5,703,82,1),(10339,259,'2017-12-04 15:38:54',3,5,731,82,1),(10340,268,'2017-12-04 15:38:54',2,5,747,82,1),(10341,266,'2017-12-04 15:38:55',4,5,777,82,1),(10342,259,'2017-12-04 15:38:55',3,5,746,82,1),(10343,265,'2017-12-04 15:38:56',1,5,727,82,1),(10344,259,'2017-12-04 15:38:56',3,5,717,82,1),(10345,282,'2017-12-04 15:38:57',4,5,746,82,1),(10346,259,'2017-12-04 15:38:57',3,5,711,82,1),(10347,267,'2017-12-04 15:38:57',3,5,768,82,1),(10348,264,'2017-12-04 15:38:57',2,5,740,82,1),(10349,271,'2017-12-04 15:38:57',3,5,722,82,1),(10350,279,'2017-12-04 15:38:58',4,5,772,82,1),(10351,259,'2017-12-04 15:38:58',3,5,744,82,1),(10352,263,'2017-12-04 15:38:58',1,5,734,82,1),(10353,262,'2017-12-04 15:38:58',4,5,732,82,1),(10354,266,'2017-12-04 15:38:59',5,5,775,82,1),(10355,259,'2017-12-04 15:38:59',3,5,748,82,1),(10356,274,'2017-12-04 15:38:59',5,5,703,82,1),(10357,267,'2017-12-04 15:38:59',1,5,735,82,1),(10358,259,'2017-12-04 15:39:00',3,5,751,82,1),(10359,268,'2017-12-04 15:39:00',2,5,737,82,1),(10360,282,'2017-12-04 15:39:00',1,5,744,82,1),(10361,263,'2017-12-04 15:39:00',1,5,765,82,1),(10362,270,'2017-12-04 15:39:00',4,5,746,82,1),(10363,269,'2017-12-04 15:39:00',4,5,732,82,1),(10364,259,'2017-12-04 15:39:00',3,5,780,82,1),(10365,265,'2017-12-04 15:39:01',2,5,754,82,1),(10366,259,'2017-12-04 15:39:01',3,5,755,82,1),(10367,266,'2017-12-04 15:39:01',1,5,704,82,1),(10368,271,'2017-12-04 15:39:01',4,5,758,82,1),(10369,267,'2017-12-04 15:39:02',2,5,702,82,1),(10370,262,'2017-12-04 15:39:02',3,5,700,82,1),(10371,259,'2017-12-04 15:39:02',3,5,697,82,1),(10372,274,'2017-12-04 15:39:02',2,5,741,82,1),(10373,263,'2017-12-04 15:39:03',3,5,754,82,1),(10374,259,'2017-12-04 15:39:03',3,5,740,82,1),(10375,282,'2017-12-04 15:39:03',3,5,774,82,1),(10376,264,'2017-12-04 15:39:03',4,5,736,82,1),(10377,259,'2017-12-04 15:39:04',3,5,715,82,1),(10378,275,'2017-12-04 15:39:04',3,5,716,82,1),(10379,267,'2017-12-04 15:39:04',2,5,774,82,1),(10380,259,'2017-12-04 15:39:04',3,5,718,82,1),(10381,270,'2017-12-04 15:39:05',3,5,707,82,1),(10382,259,'2017-12-04 15:39:05',3,5,760,82,1),(10383,274,'2017-12-04 15:39:05',1,5,733,82,1),(10384,266,'2017-12-04 15:39:05',4,5,740,82,1),(10385,263,'2017-12-04 15:39:06',3,5,719,82,1),(10386,259,'2017-12-04 15:39:06',3,5,762,82,1),(10387,279,'2017-12-04 15:39:06',3,5,708,82,1),(10388,282,'2017-12-04 15:39:06',3,5,731,82,1),(10389,264,'2017-12-04 15:39:07',1,5,739,82,1),(10390,259,'2017-12-04 15:39:07',3,5,714,82,1),(10391,270,'2017-12-04 15:39:07',4,5,708,82,1),(10392,267,'2017-12-04 15:39:07',4,5,722,82,1),(10393,265,'2017-12-04 15:39:07',2,5,702,82,1),(10394,275,'2017-12-04 15:39:07',2,5,739,82,1),(10395,259,'2017-12-04 15:39:07',3,5,753,82,1),(10396,263,'2017-12-04 15:39:07',1,5,752,82,1),(10397,271,'2017-12-04 15:39:07',4,5,769,82,1),(10398,274,'2017-12-04 15:39:08',1,5,762,82,1),(10399,259,'2017-12-04 15:39:08',3,5,710,82,1),(10400,266,'2017-12-04 15:39:09',2,5,753,82,1),(10401,268,'2017-12-04 15:39:09',4,5,761,82,1),(10402,259,'2017-12-04 15:39:09',3,5,724,82,1),(10403,270,'2017-12-04 15:39:09',2,5,716,82,1),(10404,259,'2017-12-04 15:39:10',3,5,779,82,1),(10405,262,'2017-12-04 15:39:11',4,5,744,82,1),(10406,282,'2017-12-04 15:39:11',2,5,734,82,1),(10407,263,'2017-12-04 15:39:11',1,5,775,82,1),(10408,267,'2017-12-04 15:39:11',2,5,747,82,1),(10409,270,'2017-12-04 15:39:12',3,5,777,82,1),(10410,274,'2017-12-04 15:39:12',3,5,718,82,1),(10411,265,'2017-12-04 15:39:12',2,5,775,82,1),(10412,269,'2017-12-04 15:39:12',4,5,773,82,1),(10413,266,'2017-12-04 15:39:12',1,5,706,82,1),(10414,275,'2017-12-04 15:39:12',4,5,757,82,1),(10415,271,'2017-12-04 15:39:13',3,5,784,82,1),(10416,282,'2017-12-04 15:39:13',1,5,766,82,1),(10417,263,'2017-12-04 15:39:14',4,5,699,82,1),(10418,270,'2017-12-04 15:39:14',2,5,752,82,1),(10419,279,'2017-12-04 15:39:14',2,5,774,82,1),(10420,262,'2017-12-04 15:39:15',3,5,778,82,1),(10421,264,'2017-12-04 15:39:15',3,5,707,82,1),(10422,267,'2017-12-04 15:39:15',4,5,761,82,1),(10423,268,'2017-12-04 15:39:15',3,5,783,82,1),(10424,269,'2017-12-04 15:39:16',3,5,731,82,1),(10425,266,'2017-12-04 15:39:16',3,5,707,82,1),(10426,275,'2017-12-04 15:39:17',3,5,697,82,1),(10427,274,'2017-12-04 15:39:17',4,5,764,82,1),(10428,270,'2017-12-04 15:39:17',3,5,700,82,1),(10429,262,'2017-12-04 15:39:18',2,5,715,82,1),(10430,265,'2017-12-04 15:39:18',4,5,714,82,1),(10431,282,'2017-12-04 15:39:18',3,5,710,82,1),(10432,267,'2017-12-04 15:39:18',3,5,736,82,1),(10433,268,'2017-12-04 15:39:19',1,5,779,82,1),(10434,266,'2017-12-04 15:39:19',2,5,747,82,1),(10435,270,'2017-12-04 15:39:19',4,5,757,82,1),(10436,274,'2017-12-04 15:39:20',3,5,720,82,1),(10437,262,'2017-12-04 15:39:20',2,5,752,82,1),(10438,269,'2017-12-04 15:39:20',4,5,717,82,1),(10439,282,'2017-12-04 15:39:21',2,5,709,82,1),(10440,267,'2017-12-04 15:39:22',4,5,781,82,1),(10441,270,'2017-12-04 15:39:22',5,5,756,82,1),(10442,265,'2017-12-04 15:39:22',3,5,721,82,1),(10443,272,'2017-12-04 15:39:23',5,5,759,82,1),(10444,266,'2017-12-04 15:39:23',2,5,745,82,1),(10445,282,'2017-12-04 15:39:23',3,5,736,82,1),(10446,262,'2017-12-04 15:39:23',1,5,762,82,1),(10447,274,'2017-12-04 15:39:23',3,5,701,82,1),(10448,271,'2017-12-04 15:39:24',3,5,748,82,1),(10449,265,'2017-12-04 15:39:24',1,5,723,82,1),(10450,267,'2017-12-04 15:39:25',2,5,778,82,1),(10451,270,'2017-12-04 15:39:25',5,5,705,82,1),(10452,264,'2017-12-04 15:39:25',2,5,769,82,1),(10453,262,'2017-12-04 15:39:25',1,5,733,82,1),(10454,282,'2017-12-04 15:39:26',2,5,748,82,1),(10455,266,'2017-12-04 15:39:26',4,5,751,82,1),(10456,269,'2017-12-04 15:39:27',2,5,778,82,1),(10457,265,'2017-12-04 15:39:27',2,5,707,82,1),(10458,282,'2017-12-04 15:39:27',1,5,730,82,1),(10459,267,'2017-12-04 15:39:28',3,5,758,82,1),(10460,279,'2017-12-04 15:39:28',4,5,717,82,1),(10461,272,'2017-12-04 15:39:29',3,5,736,82,1),(10462,269,'2017-12-04 15:39:29',2,5,701,82,1),(10463,274,'2017-12-04 15:39:29',3,5,760,82,1),(10464,266,'2017-12-04 15:39:30',3,5,734,82,1),(10465,262,'2017-12-04 15:39:30',4,5,767,82,1),(10466,282,'2017-12-04 15:39:30',2,5,740,82,1),(10467,271,'2017-12-04 15:39:30',4,5,757,82,1),(10468,267,'2017-12-04 15:39:31',3,5,711,82,1),(10469,263,'2017-12-04 15:39:31',3,5,743,82,1),(10470,264,'2017-12-04 15:39:31',5,5,746,82,1),(10471,282,'2017-12-04 15:39:32',1,5,732,82,1),(10472,262,'2017-12-04 15:39:32',2,5,770,82,1),(10473,274,'2017-12-04 15:39:33',1,5,747,82,1),(10474,265,'2017-12-04 15:39:33',4,5,759,82,1),(10475,263,'2017-12-04 15:39:33',3,5,708,82,1),(10476,266,'2017-12-04 15:39:34',4,5,731,82,1),(10477,272,'2017-12-04 15:39:34',2,5,745,82,1),(10478,280,'2017-12-04 15:39:34',2,5,732,82,1),(10479,282,'2017-12-04 15:39:34',1,5,737,82,1),(10480,270,'2017-12-04 15:39:35',5,5,730,82,1),(10481,262,'2017-12-04 15:39:35',1,5,711,82,1),(10482,268,'2017-12-04 15:39:35',4,5,781,82,1),(10483,263,'2017-12-04 15:39:36',4,5,763,82,1),(10484,270,'2017-12-04 15:39:37',4,5,774,82,1),(10485,267,'2017-12-04 15:39:37',5,5,710,82,1),(10486,269,'2017-12-04 15:39:38',4,5,744,82,1),(10487,263,'2017-12-04 15:39:38',1,5,712,82,1),(10488,266,'2017-12-04 15:39:38',4,5,778,82,1),(10489,262,'2017-12-04 15:39:38',3,5,721,82,1),(10490,274,'2017-12-04 15:39:38',2,5,737,82,1),(10491,264,'2017-12-04 15:39:38',3,5,710,82,1),(10492,282,'2017-12-04 15:39:39',3,5,698,82,1),(10493,270,'2017-12-04 15:39:39',5,5,710,82,1),(10494,272,'2017-12-04 15:39:40',1,5,729,82,1),(10495,279,'2017-12-04 15:39:40',3,5,703,82,1),(10496,266,'2017-12-04 15:39:41',2,5,737,82,1),(10497,263,'2017-12-04 15:39:42',3,5,773,82,1),(10498,280,'2017-12-04 15:39:42',1,5,726,82,1),(10499,275,'2017-12-04 15:39:42',2,5,766,82,1),(10500,267,'2017-12-04 15:39:43',4,5,705,82,1),(10501,274,'2017-12-04 15:39:44',3,5,739,82,1),(10502,264,'2017-12-04 15:39:44',5,5,714,82,1),(10503,270,'2017-12-04 15:39:45',2,5,739,82,1),(10504,275,'2017-12-04 15:39:45',1,5,726,82,1),(10505,262,'2017-12-04 15:39:45',4,5,745,82,1),(10506,263,'2017-12-04 15:39:45',4,5,722,82,1),(10507,282,'2017-12-04 15:39:45',3,5,724,82,1),(10508,266,'2017-12-04 15:39:46',4,5,742,82,1),(10509,267,'2017-12-04 15:39:46',3,5,707,82,1),(10510,279,'2017-12-04 15:39:47',3,5,739,82,1),(10511,270,'2017-12-04 15:39:47',5,5,698,82,1),(10512,274,'2017-12-04 15:39:48',2,5,755,82,1),(10513,282,'2017-12-04 15:39:48',4,5,780,82,1),(10514,271,'2017-12-04 15:39:48',3,5,726,82,1),(10515,269,'2017-12-04 15:39:48',4,5,759,82,1),(10516,279,'2017-12-04 15:39:49',3,5,762,82,1),(10517,280,'2017-12-04 15:39:49',4,5,759,82,1),(10518,270,'2017-12-04 15:39:49',1,5,706,82,1),(10519,272,'2017-12-04 15:39:49',4,5,749,82,1),(10520,266,'2017-12-04 15:39:50',5,5,749,82,1),(10521,265,'2017-12-04 15:39:50',3,5,752,82,1),(10522,267,'2017-12-04 15:39:50',5,5,763,82,1),(10523,282,'2017-12-04 15:39:51',3,5,761,82,1),(10524,262,'2017-12-04 15:39:51',4,5,738,82,1),(10525,274,'2017-12-04 15:39:51',2,5,729,82,1),(10526,279,'2017-12-04 15:39:51',3,5,743,82,1),(10527,270,'2017-12-04 15:39:51',4,5,743,82,1),(10528,269,'2017-12-04 15:39:52',2,5,777,82,1),(10529,272,'2017-12-04 15:39:53',4,5,722,82,1),(10530,280,'2017-12-04 15:39:53',1,5,734,82,1),(10531,279,'2017-12-04 15:39:53',3,5,704,82,1),(10532,266,'2017-12-04 15:39:53',2,5,728,82,1),(10533,262,'2017-12-04 15:39:53',2,5,707,82,1),(10534,270,'2017-12-04 15:39:53',1,5,779,82,1),(10535,265,'2017-12-04 15:39:53',2,5,739,82,1),(10536,263,'2017-12-04 15:39:54',2,5,697,82,1),(10537,279,'2017-12-04 15:39:55',3,5,702,82,1),(10538,267,'2017-12-04 15:39:55',4,5,755,82,1),(10539,269,'2017-12-04 15:39:55',3,5,748,82,1),(10540,274,'2017-12-04 15:39:56',3,5,781,82,1),(10541,282,'2017-12-04 15:39:56',3,5,733,82,1),(10542,263,'2017-12-04 15:39:56',3,5,740,82,1),(10543,262,'2017-12-04 15:39:57',2,5,716,82,1),(10544,265,'2017-12-04 15:39:57',2,5,760,82,1),(10545,272,'2017-12-04 15:39:57',1,5,766,82,1),(10546,266,'2017-12-04 15:39:57',1,5,779,82,1),(10547,282,'2017-12-04 15:39:58',2,5,697,82,1),(10548,267,'2017-12-04 15:39:58',5,5,759,82,1),(10549,263,'2017-12-04 15:39:58',1,5,779,82,1),(10550,271,'2017-12-04 15:39:59',3,5,705,82,1),(10551,280,'2017-12-04 15:39:59',3,5,745,82,1),(10552,274,'2017-12-04 15:39:59',2,5,697,82,1),(10553,264,'2017-12-04 15:39:59',3,5,700,82,1),(10554,262,'2017-12-04 15:40:00',3,5,775,82,1),(10555,265,'2017-12-04 15:40:00',2,5,764,82,1),(10556,269,'2017-12-04 15:40:00',5,5,772,82,1),(10557,266,'2017-12-04 15:40:00',2,5,729,82,1),(10558,270,'2017-12-04 15:40:00',3,5,770,82,1),(10559,282,'2017-12-04 15:40:01',3,5,777,82,1),(10560,272,'2017-12-04 15:40:01',2,5,743,82,1),(10561,267,'2017-12-04 15:40:01',1,5,706,82,1),(10562,263,'2017-12-04 15:40:02',4,5,777,82,1),(10563,280,'2017-12-04 15:40:03',3,5,719,82,1),(10564,269,'2017-12-04 15:40:03',2,5,739,82,1),(10565,268,'2017-12-04 15:40:03',3,5,711,82,1),(10566,270,'2017-12-04 15:40:03',5,5,699,82,1),(10567,266,'2017-12-04 15:40:03',1,5,733,82,1),(10568,262,'2017-12-04 15:40:03',1,5,754,82,1),(10569,274,'2017-12-04 15:40:03',5,5,709,82,1),(10570,265,'2017-12-04 15:40:04',2,5,716,82,1),(10571,282,'2017-12-04 15:40:04',2,5,700,82,1),(10572,279,'2017-12-04 15:40:05',3,5,781,82,1),(10573,269,'2017-12-04 15:40:05',3,5,704,82,1),(10574,272,'2017-12-04 15:40:06',3,5,741,82,1),(10575,263,'2017-12-04 15:40:06',2,5,771,82,1),(10576,274,'2017-12-04 15:40:06',4,5,769,82,1),(10577,267,'2017-12-04 15:40:06',5,5,700,82,1),(10578,262,'2017-12-04 15:40:06',2,5,704,82,1),(10579,264,'2017-12-04 15:40:06',4,5,709,82,1),(10580,271,'2017-12-04 15:40:06',4,5,759,82,1),(10581,282,'2017-12-04 15:40:07',1,5,768,82,1),(10582,280,'2017-12-04 15:40:07',5,5,698,82,1),(10583,268,'2017-12-04 15:40:07',1,5,765,82,1),(10584,266,'2017-12-04 15:40:07',2,5,739,82,1),(10585,265,'2017-12-04 15:40:08',4,5,709,82,1),(10586,269,'2017-12-04 15:40:08',3,5,751,82,1),(10587,263,'2017-12-04 15:40:09',3,5,764,82,1),(10588,268,'2017-12-04 15:40:11',5,5,731,82,1),(10589,282,'2017-12-04 15:40:11',4,5,763,82,1),(10590,266,'2017-12-04 15:40:11',3,5,744,82,1),(10591,274,'2017-12-04 15:40:11',4,5,700,82,1),(10592,267,'2017-12-04 15:40:11',5,5,760,82,1),(10593,262,'2017-12-04 15:40:11',3,5,784,82,1),(10594,280,'2017-12-04 15:40:12',3,5,775,82,1),(10595,279,'2017-12-04 15:40:12',4,5,744,82,1),(10596,265,'2017-12-04 15:40:12',3,5,728,82,1),(10597,263,'2017-12-04 15:40:13',5,5,776,82,1),(10598,271,'2017-12-04 15:40:13',2,5,772,82,1),(10599,264,'2017-12-04 15:40:13',1,5,716,82,1),(10600,282,'2017-12-04 15:40:13',2,5,745,82,1),(10601,279,'2017-12-04 15:40:14',4,5,765,82,1),(10602,275,'2017-12-04 15:40:14',3,5,743,82,1),(10603,266,'2017-12-04 15:40:14',2,5,765,82,1),(10604,274,'2017-12-04 15:40:14',2,5,702,82,1),(10605,268,'2017-12-04 15:40:15',5,5,718,82,1),(10606,280,'2017-12-04 15:40:15',1,5,742,82,1),(10607,262,'2017-12-04 15:40:15',3,5,768,82,1),(10608,282,'2017-12-04 15:40:15',1,5,707,82,1),(10609,265,'2017-12-04 15:40:16',4,5,763,82,1),(10610,279,'2017-12-04 15:40:16',4,5,713,82,1),(10611,275,'2017-12-04 15:40:17',4,5,700,82,1),(10612,267,'2017-12-04 15:40:17',4,5,732,82,1),(10613,282,'2017-12-04 15:40:17',1,5,741,82,1),(10614,266,'2017-12-04 15:40:17',2,5,758,82,1),(10615,279,'2017-12-04 15:40:18',4,5,766,82,1),(10616,264,'2017-12-04 15:40:18',1,5,778,82,1),(10617,269,'2017-12-04 15:40:18',3,5,722,82,1),(10618,274,'2017-12-04 15:40:18',5,5,761,82,1),(10619,271,'2017-12-04 15:40:19',3,5,778,82,1),(10620,279,'2017-12-04 15:40:19',4,5,716,82,1),(10621,265,'2017-12-04 15:40:19',2,5,778,82,1),(10622,262,'2017-12-04 15:40:19',2,5,702,82,1),(10623,267,'2017-12-04 15:40:20',3,5,754,82,1),(10624,275,'2017-12-04 15:40:20',3,5,741,82,1),(10625,268,'2017-12-04 15:40:20',2,5,716,82,1),(10626,282,'2017-12-04 15:40:20',1,5,751,82,1),(10627,279,'2017-12-04 15:40:20',4,5,761,82,1),(10628,266,'2017-12-04 15:40:21',1,5,755,82,1),(10629,269,'2017-12-04 15:40:21',2,5,697,82,1),(10630,263,'2017-12-04 15:40:21',3,5,701,82,1),(10631,262,'2017-12-04 15:40:21',1,5,765,82,1),(10632,265,'2017-12-04 15:40:22',1,5,706,82,1),(10633,263,'2017-12-04 15:40:23',2,5,735,82,1),(10634,262,'2017-12-04 15:40:23',1,5,726,82,1),(10635,279,'2017-12-04 15:40:23',4,5,779,82,1),(10636,267,'2017-12-04 15:40:23',5,5,743,82,1),(10637,271,'2017-12-04 15:40:23',3,5,703,82,1),(10638,275,'2017-12-04 15:40:23',2,5,750,82,1),(10639,269,'2017-12-04 15:40:24',3,5,764,82,1),(10640,266,'2017-12-04 15:40:24',3,5,771,82,1),(10641,264,'2017-12-04 15:40:25',1,5,742,82,1),(10642,263,'2017-12-04 15:40:25',3,5,721,82,1),(10643,265,'2017-12-04 15:40:25',3,5,781,82,1),(10644,275,'2017-12-04 15:40:25',3,5,722,82,1),(10645,271,'2017-12-04 15:40:26',1,5,737,82,1),(10646,279,'2017-12-04 15:40:26',4,5,784,82,1),(10647,282,'2017-12-04 15:40:26',3,5,764,82,1),(10648,262,'2017-12-04 15:40:26',3,5,736,82,1),(10649,267,'2017-12-04 15:40:26',4,5,713,82,1),(10650,266,'2017-12-04 15:40:27',4,5,735,82,1),(10651,279,'2017-12-04 15:40:28',4,5,759,82,1),(10652,274,'2017-12-04 15:40:28',3,5,777,82,1),(10653,263,'2017-12-04 15:40:29',2,5,724,82,1),(10654,282,'2017-12-04 15:40:29',1,5,743,82,1),(10655,262,'2017-12-04 15:40:30',2,5,756,82,1),(10656,269,'2017-12-04 15:40:30',4,5,780,82,1),(10657,268,'2017-12-04 15:40:30',3,5,740,82,1),(10658,282,'2017-12-04 15:40:31',1,5,783,82,1),(10659,271,'2017-12-04 15:40:31',1,5,734,82,1),(10660,266,'2017-12-04 15:40:31',2,5,714,82,1),(10661,279,'2017-12-04 15:40:31',2,5,726,82,1),(10662,275,'2017-12-04 15:40:31',4,5,745,82,1),(10663,263,'2017-12-04 15:40:31',2,5,770,82,1),(10664,274,'2017-12-04 15:40:31',5,5,772,82,1),(10665,262,'2017-12-04 15:40:32',1,5,706,82,1),(10666,265,'2017-12-04 15:40:33',3,5,708,82,1),(10667,267,'2017-12-04 15:40:33',4,5,745,82,1),(10668,269,'2017-12-04 15:40:33',1,5,770,82,1),(10669,263,'2017-12-04 15:40:33',2,5,716,82,1),(10670,264,'2017-12-04 15:40:33',3,5,755,82,1),(10671,282,'2017-12-04 15:40:34',3,5,755,82,1),(10672,275,'2017-12-04 15:40:34',3,5,708,82,1),(10673,263,'2017-12-04 15:40:35',1,5,723,82,1),(10674,279,'2017-12-04 15:40:36',2,5,730,82,1),(10675,262,'2017-12-04 15:40:36',4,5,698,82,1),(10676,269,'2017-12-04 15:40:36',2,5,720,82,1),(10677,274,'2017-12-04 15:40:36',3,5,717,82,1),(10678,266,'2017-12-04 15:40:36',5,5,781,82,1),(10679,272,'2017-12-04 15:40:36',3,5,756,82,1),(10680,279,'2017-12-04 15:40:37',2,5,755,82,1),(10681,271,'2017-12-04 15:40:37',3,5,700,82,1),(10682,267,'2017-12-04 15:40:38',3,5,697,82,1),(10683,265,'2017-12-04 15:40:38',4,5,725,82,1),(10684,269,'2017-12-04 15:40:38',1,5,779,82,1),(10685,282,'2017-12-04 15:40:38',3,5,750,82,1),(10686,262,'2017-12-04 15:40:38',1,5,739,82,1),(10687,268,'2017-12-04 15:40:38',3,5,708,82,1),(10688,279,'2017-12-04 15:40:39',2,5,768,82,1),(10689,266,'2017-12-04 15:40:40',4,5,761,82,1),(10690,275,'2017-12-04 15:40:40',4,5,759,82,1),(10691,282,'2017-12-04 15:40:40',4,5,749,82,1),(10692,269,'2017-12-04 15:40:40',1,5,733,82,1),(10693,271,'2017-12-04 15:40:40',3,5,725,82,1),(10694,274,'2017-12-04 15:40:41',3,5,740,82,1),(10695,264,'2017-12-04 15:40:41',3,5,738,82,1),(10696,272,'2017-12-04 15:40:41',4,5,772,82,1),(10697,262,'2017-12-04 15:40:41',1,5,712,82,1),(10698,275,'2017-12-04 15:40:42',4,5,781,82,1),(10699,282,'2017-12-04 15:40:42',2,5,702,82,1),(10700,279,'2017-12-04 15:40:42',2,5,756,82,1),(10701,269,'2017-12-04 15:40:42',2,5,707,82,1),(10702,265,'2017-12-04 15:40:43',4,5,703,82,1),(10703,266,'2017-12-04 15:40:43',2,5,752,82,1),(10704,274,'2017-12-04 15:40:43',2,5,770,82,1),(10705,263,'2017-12-04 15:40:44',1,5,783,82,1),(10706,282,'2017-12-04 15:40:44',1,5,723,82,1),(10707,267,'2017-12-04 15:40:44',4,5,777,82,1),(10708,272,'2017-12-04 15:40:44',1,5,779,82,1),(10709,275,'2017-12-04 15:40:44',2,5,747,82,1),(10710,262,'2017-12-04 15:40:44',4,5,758,82,1),(10711,268,'2017-12-04 15:40:45',4,5,732,82,1),(10712,263,'2017-12-04 15:40:45',1,5,733,82,1),(10713,279,'2017-12-04 15:40:46',3,5,705,82,1),(10714,280,'2017-12-04 15:40:46',4,5,720,82,1),(10715,283,'2017-12-04 15:40:46',3,5,735,82,1),(10716,282,'2017-12-04 15:40:46',4,5,762,82,1),(10717,274,'2017-12-04 15:40:46',4,5,736,82,1),(10718,264,'2017-12-04 15:40:46',4,5,702,82,1),(10719,275,'2017-12-04 15:40:47',3,5,768,82,1),(10720,272,'2017-12-04 15:40:47',4,5,767,82,1),(10721,266,'2017-12-04 15:40:47',3,5,754,82,1),(10722,262,'2017-12-04 15:40:47',4,5,746,82,1),(10723,263,'2017-12-04 15:40:47',2,5,718,82,1),(10724,279,'2017-12-04 15:40:47',3,5,758,82,1),(10725,267,'2017-12-04 15:40:47',3,5,775,82,1),(10726,271,'2017-12-04 15:40:48',2,5,774,82,1),(10727,265,'2017-12-04 15:40:48',3,5,697,82,1),(10728,262,'2017-12-04 15:40:49',1,5,782,82,1),(10729,282,'2017-12-04 15:40:49',3,5,711,82,1),(10730,263,'2017-12-04 15:40:49',1,5,741,82,1),(10731,280,'2017-12-04 15:40:49',2,5,768,82,1),(10732,279,'2017-12-04 15:40:49',3,5,715,82,1),(10733,283,'2017-12-04 15:40:49',3,5,709,82,1),(10734,268,'2017-12-04 15:40:50',4,5,721,82,1),(10735,272,'2017-12-04 15:40:50',2,5,726,82,1),(10736,267,'2017-12-04 15:40:50',4,5,730,82,1),(10737,275,'2017-12-04 15:40:50',4,5,744,82,1),(10738,266,'2017-12-04 15:40:50',1,5,723,82,1),(10739,282,'2017-12-04 15:40:51',2,5,747,82,1),(10740,264,'2017-12-04 15:40:51',3,5,751,82,1),(10741,263,'2017-12-04 15:40:51',1,5,726,82,1),(10742,274,'2017-12-04 15:40:51',5,5,738,82,1),(10743,265,'2017-12-04 15:40:51',3,5,749,82,1),(10744,279,'2017-12-04 15:40:51',3,5,760,82,1),(10745,271,'2017-12-04 15:40:51',3,5,709,82,1),(10746,272,'2017-12-04 15:40:52',1,5,733,82,1),(10747,283,'2017-12-04 15:40:52',3,5,720,82,1),(10748,275,'2017-12-04 15:40:52',3,5,737,82,1),(10749,267,'2017-12-04 15:40:53',5,5,721,82,1),(10750,262,'2017-12-04 15:40:53',3,5,719,82,1),(10751,268,'2017-12-04 15:40:53',4,5,713,82,1),(10752,271,'2017-12-04 15:40:54',3,5,697,82,1),(10753,266,'2017-12-04 15:40:54',4,5,725,82,1),(10754,274,'2017-12-04 15:40:54',1,5,706,82,1),(10755,265,'2017-12-04 15:40:54',4,5,744,82,1),(10756,280,'2017-12-04 15:40:54',2,5,760,82,1),(10757,283,'2017-12-04 15:40:55',3,5,753,82,1),(10758,275,'2017-12-04 15:40:55',3,5,715,82,1),(10759,274,'2017-12-04 15:40:56',1,5,712,82,1),(10760,262,'2017-12-04 15:40:56',2,5,740,82,1),(10761,268,'2017-12-04 15:40:56',2,5,727,82,1),(10762,264,'2017-12-04 15:40:56',3,5,759,82,1),(10763,267,'2017-12-04 15:40:57',2,5,728,82,1),(10764,272,'2017-12-04 15:40:57',3,5,707,82,1),(10765,271,'2017-12-04 15:40:57',3,5,749,82,1),(10766,266,'2017-12-04 15:40:57',3,5,763,82,1),(10767,279,'2017-12-04 15:40:57',4,5,754,82,1),(10768,275,'2017-12-04 15:40:58',4,5,698,82,1),(10769,280,'2017-12-04 15:40:58',2,5,755,82,1),(10770,268,'2017-12-04 15:40:59',4,5,702,82,1),(10771,274,'2017-12-04 15:40:59',4,5,705,82,1),(10772,265,'2017-12-04 15:40:59',4,5,712,82,1),(10773,283,'2017-12-04 15:40:59',3,5,724,82,1),(10774,275,'2017-12-04 15:41:00',4,5,746,82,1),(10775,267,'2017-12-04 15:41:00',3,5,726,82,1),(10776,271,'2017-12-04 15:41:00',1,5,712,82,1),(10777,264,'2017-12-04 15:41:00',3,5,741,82,1),(10778,272,'2017-12-04 15:41:00',5,5,763,82,1),(10779,274,'2017-12-04 15:41:01',3,5,725,82,1),(10780,266,'2017-12-04 15:41:01',4,5,719,82,1),(10781,279,'2017-12-04 15:41:01',4,5,776,82,1),(10782,265,'2017-12-04 15:41:02',2,5,713,82,1),(10783,275,'2017-12-04 15:41:02',3,5,728,82,1),(10784,268,'2017-12-04 15:41:02',5,5,701,82,1),(10785,283,'2017-12-04 15:41:02',4,5,699,82,1),(10786,267,'2017-12-04 15:41:02',3,5,704,82,1),(10787,269,'2017-12-04 15:41:03',4,5,738,82,1),(10788,271,'2017-12-04 15:41:03',1,5,727,82,1),(10789,262,'2017-12-04 15:41:03',3,5,761,82,1),(10790,274,'2017-12-04 15:41:03',1,5,723,82,1),(10791,279,'2017-12-04 15:41:04',4,5,741,82,1),(10792,265,'2017-12-04 15:41:04',2,5,729,82,1),(10793,283,'2017-12-04 15:41:05',2,5,739,82,1),(10794,266,'2017-12-04 15:41:05',5,5,732,82,1),(10795,262,'2017-12-04 15:41:05',2,5,717,82,1),(10796,268,'2017-12-04 15:41:06',4,5,778,82,1),(10797,267,'2017-12-04 15:41:06',4,5,720,82,1),(10798,269,'2017-12-04 15:41:06',4,5,755,82,1),(10799,280,'2017-12-04 15:41:06',3,5,714,82,1),(10800,275,'2017-12-04 15:41:06',3,5,699,82,1),(10801,274,'2017-12-04 15:41:07',2,5,734,82,1),(10802,272,'2017-12-04 15:41:07',3,5,764,82,1),(10803,265,'2017-12-04 15:41:07',1,5,766,82,1),(10804,263,'2017-12-04 15:41:07',3,5,713,82,1),(10805,262,'2017-12-04 15:41:07',3,5,731,82,1),(10806,271,'2017-12-04 15:41:07',3,5,751,82,1),(10807,269,'2017-12-04 15:41:08',1,5,727,82,1),(10808,264,'2017-12-04 15:41:08',3,5,750,82,1),(10809,267,'2017-12-04 15:41:09',2,5,729,82,1),(10810,275,'2017-12-04 15:41:09',4,5,731,82,1),(10811,266,'2017-12-04 15:41:09',2,5,759,82,1),(10812,283,'2017-12-04 15:41:09',2,5,736,82,1),(10813,274,'2017-12-04 15:41:09',2,5,783,82,1),(10814,262,'2017-12-04 15:41:09',3,5,763,82,1),(10815,268,'2017-12-04 15:41:10',4,5,773,82,1),(10816,263,'2017-12-04 15:41:10',4,5,731,82,1),(10817,280,'2017-12-04 15:41:10',2,5,754,82,1),(10818,275,'2017-12-04 15:41:11',1,5,733,82,1),(10819,272,'2017-12-04 15:41:12',3,5,709,82,1),(10820,279,'2017-12-04 15:41:12',2,5,699,82,1),(10821,266,'2017-12-04 15:41:12',3,5,699,82,1),(10822,267,'2017-12-04 15:41:12',4,5,764,82,1),(10823,274,'2017-12-04 15:41:13',2,5,715,82,1),(10824,263,'2017-12-04 15:41:13',3,5,736,82,1),(10825,271,'2017-12-04 15:41:13',2,5,730,82,1),(10826,262,'2017-12-04 15:41:13',1,5,760,82,1),(10827,265,'2017-12-04 15:41:13',3,5,750,82,1),(10828,264,'2017-12-04 15:41:14',3,5,708,82,1),(10829,275,'2017-12-04 15:41:14',4,5,755,82,1),(10830,279,'2017-12-04 15:41:15',2,5,736,82,1),(10831,274,'2017-12-04 15:41:15',4,5,743,82,1),(10832,266,'2017-12-04 15:41:15',5,5,772,82,1),(10833,267,'2017-12-04 15:41:15',3,5,783,82,1),(10834,269,'2017-12-04 15:41:16',4,5,753,82,1),(10835,264,'2017-12-04 15:41:16',1,5,765,82,1),(10836,272,'2017-12-04 15:41:17',3,5,710,82,1),(10837,275,'2017-12-04 15:41:17',3,5,756,82,1),(10838,262,'2017-12-04 15:41:18',3,5,714,82,1),(10839,265,'2017-12-04 15:41:18',4,5,722,82,1),(10840,263,'2017-12-04 15:41:18',4,5,745,82,1),(10841,274,'2017-12-04 15:41:18',2,5,748,82,1),(10842,271,'2017-12-04 15:41:18',3,5,717,82,1),(10843,267,'2017-12-04 15:41:19',4,5,749,82,1),(10844,279,'2017-12-04 15:41:19',1,5,742,82,1),(10845,266,'2017-12-04 15:41:19',5,5,713,82,1),(10846,262,'2017-12-04 15:41:19',1,5,779,82,1),(10847,278,'2017-12-04 15:41:20',3,5,699,82,1),(10848,272,'2017-12-04 15:41:20',1,5,715,82,1),(10849,264,'2017-12-04 15:41:20',4,5,717,82,1),(10850,274,'2017-12-04 15:41:20',3,5,754,82,1),(10851,265,'2017-12-04 15:41:20',2,5,751,82,1),(10852,275,'2017-12-04 15:41:20',3,5,777,82,1),(10853,267,'2017-12-04 15:41:21',1,5,766,82,1),(10854,268,'2017-12-04 15:41:22',3,5,769,82,1),(10855,266,'2017-12-04 15:41:22',5,5,769,82,1),(10856,269,'2017-12-04 15:41:22',4,5,756,82,1),(10857,271,'2017-12-04 15:41:22',2,5,743,82,1),(10858,279,'2017-12-04 15:41:22',3,5,721,82,1),(10859,278,'2017-12-04 15:41:23',2,5,760,82,1),(10860,262,'2017-12-04 15:41:23',3,5,699,82,1),(10861,263,'2017-12-04 15:41:23',2,5,720,82,1),(10862,274,'2017-12-04 15:41:23',3,5,775,82,1),(10863,268,'2017-12-04 15:41:24',1,5,712,82,1),(10864,267,'2017-12-04 15:41:24',5,5,698,82,1),(10865,264,'2017-12-04 15:41:24',3,5,743,82,1),(10866,275,'2017-12-04 15:41:24',4,5,751,82,1),(10867,265,'2017-12-04 15:41:24',3,5,769,82,1),(10868,272,'2017-12-04 15:41:25',3,5,777,82,1),(10869,266,'2017-12-04 15:41:25',1,5,782,82,1),(10870,269,'2017-12-04 15:41:26',1,5,706,82,1),(10871,262,'2017-12-04 15:41:26',2,5,697,82,1),(10872,263,'2017-12-04 15:41:26',2,5,774,82,1),(10873,279,'2017-12-04 15:41:27',3,5,778,82,1),(10874,274,'2017-12-04 15:41:27',4,5,714,82,1),(10875,267,'2017-12-04 15:41:27',4,5,771,82,1),(10876,265,'2017-12-04 15:41:27',2,5,762,82,1),(10877,262,'2017-12-04 15:41:28',2,5,747,82,1),(10878,269,'2017-12-04 15:41:28',1,5,752,82,1),(10879,271,'2017-12-04 15:41:28',3,5,698,82,1),(10880,268,'2017-12-04 15:41:28',3,5,734,82,1),(10881,274,'2017-12-04 15:41:28',1,5,752,82,1),(10882,266,'2017-12-04 15:41:29',5,5,708,82,1),(10883,267,'2017-12-04 15:41:29',4,5,773,82,1),(10884,264,'2017-12-04 15:41:30',4,5,772,82,1),(10885,262,'2017-12-04 15:41:30',3,5,769,82,1),(10886,272,'2017-12-04 15:41:30',2,5,747,82,1),(10887,263,'2017-12-04 15:41:30',1,5,711,82,1),(10888,279,'2017-12-04 15:41:31',1,5,752,82,1),(10889,262,'2017-12-04 15:41:32',2,5,741,82,1),(10890,274,'2017-12-04 15:41:33',4,5,732,82,1),(10891,265,'2017-12-04 15:41:33',3,5,720,82,1),(10892,267,'2017-12-04 15:41:33',2,5,716,82,1),(10893,269,'2017-12-04 15:41:33',3,5,750,82,1),(10894,262,'2017-12-04 15:41:34',2,5,774,82,1),(10895,268,'2017-12-04 15:41:35',5,5,745,82,1),(10896,266,'2017-12-04 15:41:35',4,5,722,82,1),(10897,274,'2017-12-04 15:41:35',3,5,784,82,1),(10898,275,'2017-12-04 15:41:35',3,5,769,82,1),(10899,271,'2017-12-04 15:41:35',2,5,710,82,1),(10900,264,'2017-12-04 15:41:36',3,5,777,82,1),(10901,263,'2017-12-04 15:41:36',2,5,760,82,1),(10902,269,'2017-12-04 15:41:36',2,5,702,82,1),(10903,267,'2017-12-04 15:41:36',4,5,724,82,1),(10904,265,'2017-12-04 15:41:36',3,5,784,82,1),(10905,272,'2017-12-04 15:41:37',5,5,744,82,1),(10906,275,'2017-12-04 15:41:37',4,5,758,82,1),(10907,274,'2017-12-04 15:41:38',2,5,708,82,1),(10908,263,'2017-12-04 15:41:38',2,5,702,82,1),(10909,266,'2017-12-04 15:41:38',2,5,705,82,1),(10910,265,'2017-12-04 15:41:39',3,5,717,82,1),(10911,271,'2017-12-04 15:41:39',2,5,771,82,1),(10912,269,'2017-12-04 15:41:40',3,5,783,82,1),(10913,274,'2017-12-04 15:41:40',4,5,767,82,1),(10914,267,'2017-12-04 15:41:40',4,5,753,82,1),(10915,275,'2017-12-04 15:41:40',4,5,732,82,1),(10916,263,'2017-12-04 15:41:41',2,5,747,82,1),(10917,279,'2017-12-04 15:41:41',1,5,707,82,1),(10918,265,'2017-12-04 15:41:41',1,5,730,82,1),(10919,266,'2017-12-04 15:41:42',3,5,774,82,1),(10920,275,'2017-12-04 15:41:43',2,5,748,82,1),(10921,271,'2017-12-04 15:41:43',2,5,781,82,1),(10922,264,'2017-12-04 15:41:43',3,5,713,82,1),(10923,268,'2017-12-04 15:41:44',3,5,760,82,1),(10924,269,'2017-12-04 15:41:45',3,5,758,82,1),(10925,263,'2017-12-04 15:41:45',2,5,778,82,1),(10926,275,'2017-12-04 15:41:45',2,5,774,82,1),(10927,274,'2017-12-04 15:41:46',3,5,728,82,1),(10928,266,'2017-12-04 15:41:47',3,5,767,82,1),(10929,265,'2017-12-04 15:41:47',3,5,738,82,1),(10930,271,'2017-12-04 15:41:47',2,5,724,82,1),(10931,263,'2017-12-04 15:41:47',3,5,772,82,1),(10932,268,'2017-12-04 15:41:47',5,5,699,82,1),(10933,264,'2017-12-04 15:41:47',2,5,774,82,1),(10934,269,'2017-12-04 15:41:47',2,5,726,82,1),(10935,275,'2017-12-04 15:41:47',3,5,714,82,1),(10936,274,'2017-12-04 15:41:48',1,5,779,82,1),(10937,263,'2017-12-04 15:41:49',2,5,727,82,1),(10938,267,'2017-12-04 15:41:50',4,5,750,82,1),(10939,265,'2017-12-04 15:41:50',4,5,698,82,1),(10940,274,'2017-12-04 15:41:50',1,5,782,82,1),(10941,279,'2017-12-04 15:41:51',1,5,775,82,1),(10942,271,'2017-12-04 15:41:51',2,5,750,82,1),(10943,275,'2017-12-04 15:41:52',2,5,778,82,1),(10944,278,'2017-12-04 15:41:52',2,5,707,82,1),(10945,264,'2017-12-04 15:41:52',3,5,732,82,1),(10946,263,'2017-12-04 15:41:52',3,5,756,82,1),(10947,265,'2017-12-04 15:41:53',2,5,741,82,1),(10948,267,'2017-12-04 15:41:53',4,5,708,82,1),(10949,269,'2017-12-04 15:41:54',3,5,724,82,1),(10950,274,'2017-12-04 15:41:54',4,5,744,82,1),(10951,275,'2017-12-04 15:41:54',3,5,738,82,1),(10952,268,'2017-12-04 15:41:54',5,5,738,82,1),(10953,271,'2017-12-04 15:41:55',2,5,714,82,1),(10954,263,'2017-12-04 15:41:55',3,5,730,82,1),(10955,265,'2017-12-04 15:41:55',2,5,737,82,1),(10956,274,'2017-12-04 15:41:56',1,5,727,82,1),(10957,272,'2017-12-04 15:41:56',5,5,769,82,1),(10958,264,'2017-12-04 15:41:57',3,5,719,82,1),(10959,275,'2017-12-04 15:41:57',4,5,780,82,1),(10960,265,'2017-12-04 15:41:58',2,5,765,82,1),(10961,263,'2017-12-04 15:41:58',2,5,715,82,1),(10962,271,'2017-12-04 15:41:58',2,5,713,82,1),(10963,275,'2017-12-04 15:41:59',3,5,730,82,1),(10964,274,'2017-12-04 15:41:59',3,5,759,82,1),(10965,268,'2017-12-04 15:41:59',4,5,744,82,1),(10966,263,'2017-12-04 15:42:00',1,5,737,82,1),(10967,269,'2017-12-04 15:42:00',4,5,745,82,1),(10968,272,'2017-12-04 15:42:00',4,5,784,82,1),(10969,265,'2017-12-04 15:42:00',2,5,711,82,1),(10970,271,'2017-12-04 15:42:01',2,5,699,82,1),(10971,274,'2017-12-04 15:42:02',4,5,751,82,1),(10972,275,'2017-12-04 15:42:02',4,5,771,82,1),(10973,268,'2017-12-04 15:42:03',2,5,768,82,1),(10974,272,'2017-12-04 15:42:03',3,5,730,82,1),(10975,263,'2017-12-04 15:42:03',1,5,725,82,1),(10976,269,'2017-12-04 15:42:03',2,5,734,82,1),(10977,265,'2017-12-04 15:42:04',3,5,710,82,1),(10978,271,'2017-12-04 15:42:04',1,5,762,82,1),(10979,263,'2017-12-04 15:42:05',1,5,742,82,1),(10980,274,'2017-12-04 15:42:05',3,5,730,82,1),(10981,272,'2017-12-04 15:42:05',1,5,712,82,1),(10982,275,'2017-12-04 15:42:05',1,5,779,82,1),(10983,269,'2017-12-04 15:42:06',1,5,766,82,1),(10984,265,'2017-12-04 15:42:07',3,5,735,82,1),(10985,264,'2017-12-04 15:42:07',2,5,733,82,1),(10986,271,'2017-12-04 15:42:08',1,5,711,82,1),(10987,275,'2017-12-04 15:42:08',3,5,709,82,1),(10988,263,'2017-12-04 15:42:08',4,5,753,82,1),(10989,268,'2017-12-04 15:42:09',5,5,700,82,1),(10990,265,'2017-12-04 15:42:09',1,5,733,82,1),(10991,272,'2017-12-04 15:42:09',1,5,735,82,1),(10992,274,'2017-12-04 15:42:09',5,5,698,82,1),(10993,269,'2017-12-04 15:42:10',2,5,740,82,1),(10994,279,'2017-12-04 15:42:10',1,5,706,82,1),(10995,275,'2017-12-04 15:42:11',2,5,754,82,1),(10996,271,'2017-12-04 15:42:11',2,5,707,82,1),(10997,263,'2017-12-04 15:42:11',4,5,728,82,1),(10998,268,'2017-12-04 15:42:11',3,5,728,82,1),(10999,264,'2017-12-04 15:42:12',4,5,757,82,1),(11000,274,'2017-12-04 15:42:12',4,5,773,82,1),(11001,272,'2017-12-04 15:42:13',5,5,731,82,1),(11002,269,'2017-12-04 15:42:13',2,5,713,82,1),(11003,265,'2017-12-04 15:42:14',4,5,731,82,1),(11004,274,'2017-12-04 15:42:14',3,5,758,82,1),(11005,271,'2017-12-04 15:42:14',2,5,728,82,1),(11006,263,'2017-12-04 15:42:14',4,5,748,82,1),(11007,268,'2017-12-04 15:42:14',1,5,735,82,1),(11008,279,'2017-12-04 15:42:16',1,5,747,82,1),(11009,265,'2017-12-04 15:42:16',2,5,742,82,1),(11010,269,'2017-12-04 15:42:16',3,5,736,82,1),(11011,274,'2017-12-04 15:42:16',2,5,722,82,1),(11012,263,'2017-12-04 15:42:16',3,5,780,82,1),(11013,272,'2017-12-04 15:42:16',4,5,760,82,1),(11014,268,'2017-12-04 15:42:17',3,5,736,82,1),(11015,264,'2017-12-04 15:42:17',4,5,745,82,1),(11016,271,'2017-12-04 15:42:17',1,5,766,82,1),(11017,269,'2017-12-04 15:42:18',1,5,737,82,1),(11018,274,'2017-12-04 15:42:19',4,5,757,82,1),(11019,265,'2017-12-04 15:42:19',2,5,783,82,1),(11020,263,'2017-12-04 15:42:20',4,5,700,82,1),(11021,272,'2017-12-04 15:42:20',2,5,708,82,1),(11022,279,'2017-12-04 15:42:20',1,5,751,82,1),(11023,268,'2017-12-04 15:42:21',5,5,698,82,1),(11024,269,'2017-12-04 15:42:21',2,5,728,82,1),(11025,274,'2017-12-04 15:42:21',4,5,753,82,1),(11026,271,'2017-12-04 15:42:22',4,5,745,82,1),(11027,264,'2017-12-04 15:42:22',3,5,783,82,1),(11028,263,'2017-12-04 15:42:22',3,5,751,82,1),(11029,265,'2017-12-04 15:42:22',3,5,777,82,1),(11030,275,'2017-12-04 15:42:23',4,5,753,82,1),(11031,274,'2017-12-04 15:42:23',4,5,768,82,1),(11032,268,'2017-12-04 15:42:24',2,5,741,82,1),(11033,272,'2017-12-04 15:42:24',4,5,700,82,1),(11034,279,'2017-12-04 15:42:24',1,5,734,82,1),(11035,265,'2017-12-04 15:42:24',1,5,782,82,1),(11036,263,'2017-12-04 15:42:25',4,5,732,82,1),(11037,274,'2017-12-04 15:42:25',1,5,766,82,1),(11038,275,'2017-12-04 15:42:26',2,5,782,82,1),(11039,264,'2017-12-04 15:42:26',2,5,711,82,1),(11040,269,'2017-12-04 15:42:27',3,5,705,82,1),(11041,263,'2017-12-04 15:42:27',3,5,698,82,1),(11042,265,'2017-12-04 15:42:27',1,5,715,82,1),(11043,275,'2017-12-04 15:42:28',1,5,712,82,1),(11044,271,'2017-12-04 15:42:28',3,5,738,82,1),(11045,272,'2017-12-04 15:42:28',2,5,755,82,1),(11046,263,'2017-12-04 15:42:29',1,5,755,82,1),(11047,265,'2017-12-04 15:42:30',3,5,758,82,1),(11048,279,'2017-12-04 15:42:30',1,5,725,82,1),(11049,269,'2017-12-04 15:42:30',3,5,730,82,1),(11050,263,'2017-12-04 15:42:31',2,5,746,82,1),(11051,263,'2017-12-04 15:42:33',1,5,766,82,1),(11052,275,'2017-12-04 15:42:34',3,5,767,82,1),(11053,268,'2017-12-04 15:42:34',3,5,709,82,1),(11054,265,'2017-12-04 15:42:34',5,5,772,82,1),(11055,269,'2017-12-04 15:42:34',3,5,700,82,1),(11056,263,'2017-12-04 15:42:35',1,5,704,82,1),(11057,271,'2017-12-04 15:42:36',3,5,731,82,1),(11058,268,'2017-12-04 15:42:36',2,5,754,82,1),(11059,279,'2017-12-04 15:42:36',1,5,720,82,1),(11060,265,'2017-12-04 15:42:39',3,5,724,82,1),(11061,275,'2017-12-04 15:42:39',2,5,727,82,1),(11062,268,'2017-12-04 15:42:40',4,5,714,82,1),(11063,264,'2017-12-04 15:42:41',3,5,698,82,1),(11064,265,'2017-12-04 15:42:42',3,5,745,82,1),(11065,275,'2017-12-04 15:42:42',4,5,703,82,1),(11066,271,'2017-12-04 15:42:44',2,5,747,82,1),(11067,265,'2017-12-04 15:42:44',3,5,704,82,1),(11068,269,'2017-12-04 15:42:45',4,5,743,82,1),(11069,272,'2017-12-04 15:42:45',3,5,748,82,1),(11070,275,'2017-12-04 15:42:46',5,5,710,82,1),(11071,265,'2017-12-04 15:42:46',1,5,779,82,1),(11072,268,'2017-12-04 15:42:46',4,5,770,82,1),(11073,271,'2017-12-04 15:42:47',2,5,729,82,1),(11074,272,'2017-12-04 15:42:49',1,5,778,82,1),(11075,269,'2017-12-04 15:42:49',1,5,723,82,1),(11076,268,'2017-12-04 15:42:49',5,5,717,82,1),(11077,264,'2017-12-04 15:42:50',2,5,758,82,1),(11078,275,'2017-12-04 15:42:51',3,5,704,82,1),(11079,269,'2017-12-04 15:42:51',1,5,712,82,1),(11080,265,'2017-12-04 15:42:51',4,5,746,82,1),(11081,272,'2017-12-04 15:42:51',1,5,727,82,1),(11082,268,'2017-12-04 15:42:52',5,5,759,82,1),(11083,264,'2017-12-04 15:42:53',1,5,723,82,1),(11084,275,'2017-12-04 15:42:54',3,5,705,82,1),(11085,271,'2017-12-04 15:42:55',3,5,777,82,1),(11086,279,'2017-12-04 15:42:55',1,5,738,82,1),(11087,272,'2017-12-04 15:42:56',1,5,737,82,1),(11088,264,'2017-12-04 15:42:56',1,5,782,82,1),(11089,271,'2017-12-04 15:42:58',3,5,746,82,1),(11090,268,'2017-12-04 15:43:00',4,5,756,82,1),(11091,272,'2017-12-04 15:43:01',4,5,728,82,1),(11092,264,'2017-12-04 15:43:01',4,5,699,82,1),(11093,279,'2017-12-04 15:43:02',1,5,710,82,1),(11094,268,'2017-12-04 15:43:02',2,5,774,82,1),(11095,271,'2017-12-04 15:43:03',3,5,763,82,1),(11096,272,'2017-12-04 15:43:03',1,5,782,82,1),(11097,275,'2017-12-04 15:43:03',3,5,770,82,1),(11098,271,'2017-12-04 15:43:05',3,5,736,82,1),(11099,268,'2017-12-04 15:43:06',2,5,720,82,1),(11100,264,'2017-12-04 15:43:06',2,5,775,82,1),(11101,268,'2017-12-04 15:43:07',1,5,706,82,1),(11102,269,'2017-12-04 15:43:08',5,5,767,82,1),(11103,279,'2017-12-04 15:43:08',1,5,701,82,1),(11104,264,'2017-12-04 15:43:09',2,5,701,82,1),(11105,271,'2017-12-04 15:43:10',3,5,732,82,1),(11106,283,'2017-12-04 15:43:10',3,5,697,82,1),(11107,268,'2017-12-04 15:43:10',4,5,746,82,1),(11108,272,'2017-12-04 15:43:11',4,5,717,82,1),(11109,264,'2017-12-04 15:43:12',1,5,752,82,1),(11110,271,'2017-12-04 15:43:12',1,5,779,82,1),(11111,268,'2017-12-04 15:43:13',3,5,719,82,1),(11112,272,'2017-12-04 15:43:13',1,5,742,82,1),(11113,275,'2017-12-04 15:43:15',4,5,717,82,1),(11114,269,'2017-12-04 15:43:16',5,5,703,82,1),(11115,271,'2017-12-04 15:43:16',2,5,764,82,1),(11116,272,'2017-12-04 15:43:16',1,5,765,82,1),(11117,279,'2017-12-04 15:43:17',2,5,729,82,1),(11118,268,'2017-12-04 15:43:18',4,5,753,82,1),(11119,275,'2017-12-04 15:43:18',3,5,724,82,1),(11120,264,'2017-12-04 15:43:19',3,5,731,82,1),(11121,272,'2017-12-04 15:43:19',5,5,725,82,1),(11122,269,'2017-12-04 15:43:20',4,5,698,82,1),(11123,275,'2017-12-04 15:43:21',1,5,706,82,1),(11124,279,'2017-12-04 15:43:21',1,5,700,82,1),(11125,268,'2017-12-04 15:43:21',1,5,739,82,1),(11126,271,'2017-12-04 15:43:23',3,5,720,82,1),(11127,268,'2017-12-04 15:43:23',1,5,729,82,1),(11128,269,'2017-12-04 15:43:24',4,5,699,82,1),(11129,272,'2017-12-04 15:43:25',4,5,768,82,1),(11130,271,'2017-12-04 15:43:25',3,5,775,82,1),(11131,269,'2017-12-04 15:43:26',1,5,742,82,1),(11132,268,'2017-12-04 15:43:26',5,5,703,82,1),(11133,279,'2017-12-04 15:43:28',1,5,737,82,1),(11134,264,'2017-12-04 15:43:29',3,5,776,82,1),(11135,272,'2017-12-04 15:43:29',4,5,781,82,1),(11136,271,'2017-12-04 15:43:29',3,5,744,82,1),(11137,269,'2017-12-04 15:43:30',3,5,708,82,1),(11138,271,'2017-12-04 15:43:31',2,5,708,82,1),(11139,264,'2017-12-04 15:43:31',1,5,729,82,1),(11140,279,'2017-12-04 15:43:33',1,5,767,82,1),(11141,272,'2017-12-04 15:43:33',3,5,734,82,1),(11142,271,'2017-12-04 15:43:33',1,5,723,82,1),(11143,264,'2017-12-04 15:43:33',1,5,727,82,1),(11144,269,'2017-12-04 15:43:35',4,5,709,82,1),(11145,272,'2017-12-04 15:43:37',5,5,714,82,1),(11146,279,'2017-12-04 15:43:37',1,5,773,82,1),(11147,271,'2017-12-04 15:43:37',2,5,770,82,1),(11148,269,'2017-12-04 15:43:39',4,5,725,82,1),(11149,272,'2017-12-04 15:43:39',1,5,706,82,1),(11150,271,'2017-12-04 15:43:40',2,5,704,82,1),(11151,268,'2017-12-04 15:43:41',3,5,722,82,1),(11152,272,'2017-12-04 15:43:44',5,5,761,82,1),(11153,271,'2017-12-04 15:43:45',2,5,754,82,1),(11154,264,'2017-12-04 15:43:46',1,5,761,82,1),(11155,268,'2017-12-04 15:43:46',5,5,757,82,1),(11156,279,'2017-12-04 15:43:47',1,5,735,82,1),(11157,271,'2017-12-04 15:43:48',2,5,740,82,1),(11158,272,'2017-12-04 15:43:48',3,5,702,82,1),(11159,269,'2017-12-04 15:43:49',4,5,761,82,1),(11160,271,'2017-12-04 15:43:50',1,5,733,82,1),(11161,264,'2017-12-04 15:43:50',2,5,756,82,1),(11162,268,'2017-12-04 15:43:51',2,5,782,82,1),(11163,271,'2017-12-04 15:43:53',1,5,752,82,1),(11164,269,'2017-12-04 15:43:53',3,5,776,82,1),(11165,272,'2017-12-04 15:43:54',2,5,711,82,1),(11166,268,'2017-12-04 15:43:55',2,5,704,82,1),(11167,269,'2017-12-04 15:43:56',4,5,781,82,1),(11168,269,'2017-12-04 15:43:58',1,5,735,82,1),(11169,268,'2017-12-04 15:43:58',2,5,705,82,1),(11170,264,'2017-12-04 15:43:59',1,5,747,82,1),(11171,269,'2017-12-04 15:44:00',2,5,762,82,1),(11172,272,'2017-12-04 15:44:01',2,5,750,82,1),(11173,268,'2017-12-04 15:44:04',4,5,772,82,1),(11174,264,'2017-12-04 15:44:07',1,5,763,82,1),(11175,272,'2017-12-04 15:44:10',4,5,773,82,1),(11176,264,'2017-12-04 15:44:10',1,5,726,82,1),(11177,268,'2017-12-04 15:44:18',3,5,751,82,1),(11178,268,'2017-12-04 15:44:20',3,5,749,82,1),(11179,268,'2017-12-04 15:44:21',1,5,723,82,1),(11180,272,'2017-12-04 15:44:22',2,5,716,82,1),(11181,268,'2017-12-04 15:44:24',2,5,755,82,1),(11182,264,'2017-12-04 15:44:26',3,5,768,82,1),(11183,272,'2017-12-04 15:44:26',4,5,718,82,1),(11184,268,'2017-12-04 15:44:26',1,5,733,82,1),(11185,268,'2017-12-04 15:44:28',3,5,784,82,1),(11186,272,'2017-12-04 15:44:28',1,5,723,82,1),(11187,272,'2017-12-04 15:44:32',4,5,776,82,1),(11188,272,'2017-12-04 15:44:35',5,5,758,82,1),(11189,264,'2017-12-04 15:44:35',3,5,697,82,1),(11190,268,'2017-12-04 15:44:37',2,5,771,82,1),(11191,272,'2017-12-04 15:44:37',3,5,704,82,1),(11192,264,'2017-12-04 15:44:37',1,5,737,82,1),(11193,279,'2017-12-04 15:44:38',1,5,714,82,1),(11194,268,'2017-12-04 15:44:40',4,5,777,82,1),(11195,272,'2017-12-04 15:44:41',3,5,746,82,1),(11196,279,'2017-12-04 15:44:45',3,5,745,82,1),(11197,272,'2017-12-04 15:44:45',4,5,699,82,1),(11198,264,'2017-12-04 15:44:45',4,5,705,82,1),(11199,272,'2017-12-04 15:44:48',2,5,774,82,1),(11200,264,'2017-12-04 15:44:50',4,5,703,82,1),(11201,272,'2017-12-04 15:44:52',5,5,701,82,1),(11202,279,'2017-12-04 15:44:54',1,5,748,82,1),(11203,272,'2017-12-04 15:44:56',3,5,783,82,1),(11204,279,'2017-12-04 15:44:57',1,5,746,82,1),(11205,279,'2017-12-04 15:44:58',1,5,732,82,1),(11206,272,'2017-12-04 15:44:59',5,5,775,82,1),(11207,279,'2017-12-04 15:45:00',1,5,711,82,1),(11208,264,'2017-12-04 15:45:00',3,5,781,82,1),(11209,279,'2017-12-04 15:45:02',1,5,733,82,1),(11210,272,'2017-12-04 15:45:05',5,5,751,82,1),(11211,264,'2017-12-04 15:45:05',4,5,780,82,1),(11212,279,'2017-12-04 15:45:07',1,5,770,82,1),(11213,272,'2017-12-04 15:45:09',3,5,698,82,1),(11214,279,'2017-12-04 15:45:13',2,5,709,82,1),(11215,264,'2017-12-04 15:45:13',3,5,748,82,1),(11216,272,'2017-12-04 15:45:13',5,5,753,82,1),(11217,279,'2017-12-04 15:45:15',2,5,749,82,1),(11218,272,'2017-12-04 15:45:16',2,5,771,82,1),(11219,279,'2017-12-04 15:45:16',2,5,750,82,1),(11220,264,'2017-12-04 15:45:17',4,5,767,82,1),(11221,279,'2017-12-04 15:45:19',2,5,697,82,1),(11222,272,'2017-12-04 15:45:20',2,5,719,82,1),(11223,279,'2017-12-04 15:45:21',2,5,777,82,1),(11224,264,'2017-12-04 15:45:22',4,5,730,82,1),(11225,279,'2017-12-04 15:45:22',2,5,719,82,1),(11226,279,'2017-12-04 15:45:24',2,5,718,82,1),(11227,272,'2017-12-04 15:45:24',3,5,740,82,1),(11228,264,'2017-12-04 15:45:26',1,5,706,82,1),(11229,279,'2017-12-04 15:45:26',2,5,771,82,1),(11230,272,'2017-12-04 15:45:28',3,5,780,82,1),(11231,279,'2017-12-04 15:45:28',2,5,724,82,1),(11232,279,'2017-12-04 15:45:30',2,5,763,82,1),(11233,272,'2017-12-04 15:45:32',5,5,757,82,1),(11234,279,'2017-12-04 15:45:32',2,5,712,82,1),(11235,264,'2017-12-04 15:45:33',3,5,764,82,1),(11236,272,'2017-12-04 15:45:36',5,5,732,82,1),(11237,279,'2017-12-04 15:45:37',3,5,722,82,1),(11238,272,'2017-12-04 15:45:40',3,5,703,82,1),(11239,264,'2017-12-04 15:45:42',4,5,722,82,1),(11240,279,'2017-12-04 15:45:43',1,5,723,82,1),(11241,272,'2017-12-04 15:45:44',3,5,724,82,1),(11242,264,'2017-12-04 15:45:46',4,5,773,82,1),(11243,279,'2017-12-04 15:45:46',3,5,728,82,1),(11244,272,'2017-12-04 15:45:47',3,5,713,82,1),(11245,272,'2017-12-04 15:45:50',1,5,754,82,1),(11246,264,'2017-12-04 15:45:50',3,5,770,82,1),(11247,279,'2017-12-04 15:45:51',2,5,757,82,1),(11248,264,'2017-12-04 15:45:53',3,5,762,82,1),(11249,272,'2017-12-04 15:45:53',4,5,705,82,1),(11250,272,'2017-12-04 15:45:56',2,5,770,82,1),(11251,264,'2017-12-04 15:45:56',2,5,754,82,1),(11252,264,'2017-12-04 15:46:00',3,5,784,82,1),(11253,279,'2017-12-04 15:46:03',1,5,782,82,1),(11254,279,'2017-12-04 15:46:06',1,5,731,82,1),(11255,279,'2017-12-04 15:46:09',1,5,698,82,1),(11256,279,'2017-12-04 15:46:13',1,5,769,82,1),(11257,278,'2017-12-04 15:46:20',2,5,762,82,1),(11258,279,'2017-12-04 15:46:21',1,5,764,82,1),(11259,279,'2017-12-04 15:46:23',1,5,727,82,1),(11260,278,'2017-12-04 15:46:24',2,5,718,82,1),(11261,278,'2017-12-04 15:46:27',2,5,701,82,1),(11262,278,'2017-12-04 15:46:30',4,5,763,82,1),(11263,283,'2017-12-04 15:46:30',4,5,728,82,1),(11264,278,'2017-12-04 15:46:34',3,5,738,82,1),(11265,283,'2017-12-04 15:46:35',4,5,759,82,1),(11266,278,'2017-12-04 15:46:38',1,5,779,82,1),(11267,283,'2017-12-04 15:46:38',4,5,776,82,1),(11268,280,'2017-12-04 15:46:40',3,5,710,82,1),(11269,283,'2017-12-04 15:46:41',4,5,721,82,1),(11270,278,'2017-12-04 15:46:44',2,5,713,82,1),(11271,283,'2017-12-04 15:46:44',4,5,750,82,1),(11272,280,'2017-12-04 15:46:46',4,5,746,82,1),(11273,278,'2017-12-04 15:46:50',3,5,778,82,1),(11274,283,'2017-12-04 15:46:50',1,5,762,82,1),(11275,280,'2017-12-04 15:46:51',1,5,715,82,1),(11276,278,'2017-12-04 15:46:52',2,5,730,82,1),(11277,283,'2017-12-04 15:46:53',1,5,781,82,1),(11278,280,'2017-12-04 15:46:53',1,5,733,82,1),(11279,278,'2017-12-04 15:46:54',2,5,765,82,1),(11280,283,'2017-12-04 15:46:55',1,5,723,82,1),(11281,278,'2017-12-04 15:46:57',3,5,756,82,1),(11282,283,'2017-12-04 15:46:58',1,5,767,82,1),(11283,280,'2017-12-04 15:46:58',3,5,730,82,1),(11284,278,'2017-12-04 15:46:59',2,5,715,82,1),(11285,283,'2017-12-04 15:47:00',1,5,743,82,1),(11286,280,'2017-12-04 15:47:01',2,5,711,82,1),(11287,283,'2017-12-04 15:47:01',1,5,708,82,1),(11288,278,'2017-12-04 15:47:01',1,5,733,82,1),(11289,283,'2017-12-04 15:47:03',1,5,710,82,1),(11290,280,'2017-12-04 15:47:04',2,5,704,82,1),(11291,283,'2017-12-04 15:47:04',1,5,715,82,1),(11292,278,'2017-12-04 15:47:04',3,5,777,82,1),(11293,283,'2017-12-04 15:47:06',1,5,742,82,1),(11294,278,'2017-12-04 15:47:07',4,5,705,82,1),(11295,280,'2017-12-04 15:47:08',2,5,700,82,1),(11296,283,'2017-12-04 15:47:08',1,5,700,82,1),(11297,278,'2017-12-04 15:47:10',4,5,731,82,1),(11298,283,'2017-12-04 15:47:10',1,5,732,82,1),(11299,280,'2017-12-04 15:47:11',2,5,778,82,1),(11300,283,'2017-12-04 15:47:12',1,5,701,82,1),(11301,278,'2017-12-04 15:47:12',3,5,746,82,1),(11302,278,'2017-12-04 15:47:15',5,5,780,82,1),(11303,283,'2017-12-04 15:47:15',1,5,711,82,1),(11304,280,'2017-12-04 15:47:15',2,5,728,82,1),(11305,278,'2017-12-04 15:47:18',2,5,736,82,1),(11306,280,'2017-12-04 15:47:19',2,5,756,82,1),(11307,278,'2017-12-04 15:47:21',3,5,749,82,1),(11308,283,'2017-12-04 15:47:21',1,5,706,82,1),(11309,283,'2017-12-04 15:47:23',1,5,719,82,1),(11310,278,'2017-12-04 15:47:23',2,5,734,82,1),(11311,283,'2017-12-04 15:47:26',1,5,703,82,1),(11312,278,'2017-12-04 15:47:27',2,5,783,82,1),(11313,283,'2017-12-04 15:47:28',1,5,784,82,1),(11314,283,'2017-12-04 15:47:30',1,5,765,82,1),(11315,278,'2017-12-04 15:47:30',2,5,773,82,1),(11316,283,'2017-12-04 15:47:31',1,5,774,82,1),(11317,283,'2017-12-04 15:47:33',1,5,770,82,1),(11318,283,'2017-12-04 15:47:34',1,5,725,82,1),(11319,278,'2017-12-04 15:47:35',2,5,700,82,1),(11320,283,'2017-12-04 15:47:36',1,5,777,82,1),(11321,283,'2017-12-04 15:47:37',1,5,737,82,1),(11322,278,'2017-12-04 15:47:37',3,5,759,82,1),(11323,283,'2017-12-04 15:47:39',1,5,745,82,1),(11324,283,'2017-12-04 15:47:40',1,5,707,82,1),(11325,278,'2017-12-04 15:47:41',2,5,742,82,1),(11326,283,'2017-12-04 15:47:42',1,5,744,82,1),(11327,283,'2017-12-04 15:47:43',1,5,775,82,1),(11328,283,'2017-12-04 15:47:44',1,5,773,82,1),(11329,278,'2017-12-04 15:47:45',3,5,740,82,1),(11330,283,'2017-12-04 15:47:46',1,5,756,82,1),(11331,283,'2017-12-04 15:47:47',1,5,716,82,1),(11332,283,'2017-12-04 15:47:47',1,5,761,82,1),(11333,278,'2017-12-04 15:47:48',1,5,754,82,1),(11334,283,'2017-12-04 15:47:48',1,5,763,82,1),(11335,283,'2017-12-04 15:47:49',1,5,755,82,1),(11336,278,'2017-12-04 15:47:50',5,5,721,82,1),(11337,283,'2017-12-04 15:47:50',1,5,727,82,1),(11338,283,'2017-12-04 15:47:51',1,5,778,82,1),(11339,283,'2017-12-04 15:47:52',1,5,730,82,1),(11340,283,'2017-12-04 15:47:53',1,5,702,82,1),(11341,283,'2017-12-04 15:47:53',1,5,782,82,1),(11342,278,'2017-12-04 15:47:53',3,5,764,82,1),(11343,283,'2017-12-04 15:47:54',1,5,783,82,1),(11344,283,'2017-12-04 15:47:54',1,5,717,82,1),(11345,283,'2017-12-04 15:47:55',1,5,698,82,1),(11346,283,'2017-12-04 15:47:55',1,5,751,82,1),(11347,283,'2017-12-04 15:47:56',1,5,769,82,1),(11348,283,'2017-12-04 15:47:56',1,5,768,82,1),(11349,283,'2017-12-04 15:47:58',3,5,705,82,1),(11350,283,'2017-12-04 15:47:58',3,5,754,82,1),(11351,283,'2017-12-04 15:47:59',3,5,741,82,1),(11352,283,'2017-12-04 15:47:59',3,5,704,82,1),(11353,278,'2017-12-04 15:48:00',1,5,714,82,1),(11354,283,'2017-12-04 15:48:00',3,5,722,82,1),(11355,283,'2017-12-04 15:48:01',3,5,712,82,1),(11356,283,'2017-12-04 15:48:01',3,5,749,82,1),(11357,283,'2017-12-04 15:48:02',3,5,760,82,1),(11358,278,'2017-12-04 15:48:02',3,5,771,82,1),(11359,283,'2017-12-04 15:48:02',3,5,740,82,1),(11360,283,'2017-12-04 15:48:03',3,5,729,82,1),(11361,283,'2017-12-04 15:48:04',3,5,780,82,1),(11362,278,'2017-12-04 15:48:04',1,5,737,82,1),(11363,283,'2017-12-04 15:48:04',3,5,752,82,1),(11364,283,'2017-12-04 15:48:05',3,5,771,82,1),(11365,283,'2017-12-04 15:48:05',3,5,746,82,1),(11366,278,'2017-12-04 15:48:06',1,5,723,82,1),(11367,283,'2017-12-04 15:48:06',3,5,713,82,1),(11368,283,'2017-12-04 15:48:07',3,5,731,82,1),(11369,283,'2017-12-04 15:48:07',3,5,718,82,1),(11370,283,'2017-12-04 15:48:08',3,5,766,82,1),(11371,278,'2017-12-04 15:48:08',2,5,758,82,1),(11372,283,'2017-12-04 15:48:09',3,5,738,82,1),(11373,283,'2017-12-04 15:48:09',3,5,747,82,1),(11374,283,'2017-12-04 15:48:10',3,5,748,82,1),(11375,283,'2017-12-04 15:48:11',3,5,757,82,1),(11376,283,'2017-12-04 15:48:11',3,5,779,82,1),(11377,283,'2017-12-04 15:48:12',3,5,758,82,1),(11378,283,'2017-12-04 15:48:13',3,5,714,82,1),(11379,283,'2017-12-04 15:48:13',3,5,726,82,1),(11380,283,'2017-12-04 15:48:14',3,5,733,82,1),(11381,283,'2017-12-04 15:48:14',3,5,764,82,1),(11382,283,'2017-12-04 15:48:15',3,5,772,82,1),(11383,283,'2017-12-04 15:48:16',3,5,734,82,1),(11384,278,'2017-12-04 15:48:16',3,5,755,82,1),(11385,278,'2017-12-04 15:48:19',4,5,745,82,1),(11386,278,'2017-12-04 15:48:21',2,5,769,82,1),(11387,278,'2017-12-04 15:48:25',4,5,761,82,1),(11388,278,'2017-12-04 15:48:29',3,5,772,82,1),(11389,278,'2017-12-04 15:48:32',2,5,750,82,1),(11390,278,'2017-12-04 15:48:34',1,5,712,82,1),(11391,278,'2017-12-04 15:48:36',3,5,725,82,1),(11392,278,'2017-12-04 15:48:38',2,5,775,82,1),(11393,278,'2017-12-04 15:48:40',1,5,727,82,1),(11394,278,'2017-12-04 15:48:43',2,5,729,82,1),(11395,278,'2017-12-04 15:48:44',2,5,739,82,1),(11396,278,'2017-12-04 15:48:46',2,5,784,82,1),(11397,278,'2017-12-04 15:48:48',1,5,706,82,1),(11398,278,'2017-12-04 15:48:51',2,5,748,82,1),(11399,278,'2017-12-04 15:48:56',5,5,732,82,1),(11400,278,'2017-12-04 15:49:02',4,5,719,82,1),(11401,278,'2017-12-04 15:49:10',3,5,757,82,1),(11402,278,'2017-12-04 15:49:12',4,5,735,82,1),(11403,278,'2017-12-04 15:49:55',3,5,726,82,1),(11404,278,'2017-12-04 15:49:58',4,5,709,82,1),(11405,278,'2017-12-04 15:50:05',3,5,720,82,1),(11406,278,'2017-12-04 15:50:08',2,5,697,82,1),(11407,278,'2017-12-04 15:50:19',3,5,751,82,1),(11408,278,'2017-12-04 15:50:22',1,5,744,82,1),(11409,278,'2017-12-04 15:50:24',2,5,703,82,1),(11410,278,'2017-12-04 15:50:27',3,5,722,82,1),(11411,278,'2017-12-04 15:50:31',4,5,753,82,1),(11412,278,'2017-12-04 15:50:34',3,5,710,82,1),(11413,278,'2017-12-04 15:50:39',4,5,781,82,1),(11414,278,'2017-12-04 15:50:42',2,5,752,82,1),(11415,278,'2017-12-04 15:50:44',2,5,711,82,1),(11416,278,'2017-12-04 15:50:50',3,5,770,82,1),(11417,278,'2017-12-04 15:50:53',4,5,708,82,1),(11418,278,'2017-12-04 15:50:55',2,5,702,82,1),(11419,278,'2017-12-04 15:50:58',3,5,728,82,1),(11420,278,'2017-12-04 15:51:02',4,5,768,82,1),(11421,278,'2017-12-04 15:51:05',3,5,741,82,1),(11422,278,'2017-12-04 15:51:07',2,5,704,82,1),(11423,278,'2017-12-04 15:51:09',2,5,774,82,1),(11424,278,'2017-12-04 15:51:12',3,5,747,82,1),(11425,278,'2017-12-04 15:51:14',1,5,782,82,1),(11426,278,'2017-12-04 15:51:16',1,5,766,82,1),(11427,278,'2017-12-04 15:51:19',3,5,767,82,1),(11428,278,'2017-12-04 15:51:22',2,5,743,82,1),(11429,278,'2017-12-04 15:51:48',3,5,716,82,1),(11430,280,'2017-12-04 15:51:51',4,5,749,82,1),(11431,278,'2017-12-04 15:51:52',4,5,724,82,1),(11432,278,'2017-12-04 15:51:54',3,5,776,82,1),(11433,278,'2017-12-04 15:51:57',4,5,717,82,1),(11434,280,'2017-12-04 15:51:57',3,5,744,82,1),(11435,278,'2017-12-04 15:52:00',4,5,698,82,1),(11436,280,'2017-12-04 15:52:01',2,5,703,82,1),(11437,280,'2017-12-04 15:52:06',3,5,741,82,1),(11438,280,'2017-12-04 15:52:09',2,5,705,82,1),(11439,280,'2017-12-04 15:52:12',3,5,721,82,1),(11440,280,'2017-12-04 15:52:18',3,5,751,82,1),(11441,280,'2017-12-04 15:52:21',2,5,718,82,1),(11442,280,'2017-12-04 15:52:24',1,5,729,82,1),(11443,280,'2017-12-04 15:52:26',1,5,752,82,1),(11444,280,'2017-12-04 15:52:31',1,5,702,82,1),(11445,280,'2017-12-04 15:52:33',1,5,723,82,1),(11446,280,'2017-12-04 15:52:37',4,5,725,82,1),(11447,280,'2017-12-04 15:52:39',2,5,736,82,1),(11448,280,'2017-12-04 15:52:41',1,5,779,82,1),(11449,280,'2017-12-04 15:52:43',2,5,708,82,1),(11450,280,'2017-12-04 15:52:46',4,5,763,82,1),(11451,280,'2017-12-04 15:52:48',2,5,774,82,1),(11452,280,'2017-12-04 15:52:50',2,5,771,82,1),(11453,280,'2017-12-04 15:52:52',1,5,735,82,1),(11454,280,'2017-12-04 15:52:56',3,5,722,82,1),(11455,280,'2017-12-04 15:52:58',1,5,716,82,1),(11456,280,'2017-12-04 15:53:00',1,5,743,82,1),(11457,280,'2017-12-04 15:53:02',1,5,709,82,1),(11458,280,'2017-12-04 15:53:05',1,5,748,82,1),(11459,280,'2017-12-04 15:53:09',4,5,783,82,1),(11460,280,'2017-12-04 15:53:13',2,5,765,82,1),(11461,280,'2017-12-04 15:53:18',4,5,701,82,1),(11462,280,'2017-12-04 15:53:22',3,5,769,82,1),(11463,280,'2017-12-04 15:53:24',3,5,767,82,1),(11464,280,'2017-12-04 15:53:27',2,5,727,82,1),(11465,280,'2017-12-04 15:53:31',2,5,707,82,1),(11466,280,'2017-12-04 15:53:34',2,5,761,82,1),(11467,280,'2017-12-04 15:53:38',2,5,782,82,1),(11468,280,'2017-12-04 15:53:41',2,5,738,82,1),(11469,280,'2017-12-04 15:53:43',4,5,780,82,1),(11470,280,'2017-12-04 15:53:45',1,5,766,82,1),(11471,280,'2017-12-04 15:53:47',1,5,712,82,1),(11472,280,'2017-12-04 15:53:50',4,5,784,82,1),(11473,280,'2017-12-04 15:53:52',3,5,724,82,1),(11474,280,'2017-12-04 15:53:55',2,5,697,82,1),(11475,280,'2017-12-04 15:53:59',2,5,747,82,1),(11476,280,'2017-12-04 15:54:02',1,5,737,82,1),(11477,280,'2017-12-04 15:54:04',3,5,773,82,1),(11478,280,'2017-12-04 15:54:08',4,5,764,82,1),(11479,280,'2017-12-04 15:54:11',3,5,776,82,1),(11480,280,'2017-12-04 15:54:18',4,5,740,82,1),(11481,280,'2017-12-04 15:54:21',3,5,750,82,1),(11482,280,'2017-12-04 15:54:24',4,5,713,82,1),(11483,280,'2017-12-04 15:54:26',5,5,772,82,1),(11484,280,'2017-12-04 15:54:29',4,5,753,82,1),(11485,280,'2017-12-04 15:54:32',3,5,770,82,1),(11486,280,'2017-12-04 15:54:35',4,5,699,82,1),(11487,280,'2017-12-04 15:54:37',1,5,762,82,1),(11488,280,'2017-12-04 15:54:39',1,5,706,82,1),(11489,280,'2017-12-04 15:54:42',4,5,731,82,1),(11490,280,'2017-12-04 15:54:50',3,5,781,82,1),(11491,280,'2017-12-04 15:54:54',3,5,777,82,1),(11492,280,'2017-12-04 15:54:57',5,5,757,82,1),(11493,280,'2017-12-04 15:55:00',3,5,758,82,1),(11494,280,'2017-12-04 15:55:02',2,5,739,82,1),(11495,280,'2017-12-04 15:55:06',5,5,717,82,1),(11496,286,'2018-01-01 21:06:23',3,5,756,82,1),(11497,286,'2018-01-01 21:06:29',4,5,767,82,1),(11498,286,'2018-01-01 21:06:32',2,5,754,82,1),(11499,286,'2018-01-01 21:06:38',3,5,774,82,1),(11500,286,'2018-01-01 21:06:43',3,5,716,82,1),(11501,286,'2018-01-01 21:06:58',5,5,732,82,1),(11502,287,'2018-01-01 21:07:41',5,5,721,82,1),(11503,287,'2018-01-01 21:07:47',3,5,770,82,1),(11504,287,'2018-01-01 21:07:51',2,5,765,82,1),(11505,288,'2018-01-01 21:50:25',4,5,731,82,1),(11506,288,'2018-01-01 21:50:34',5,5,781,82,1),(11507,290,'2018-03-23 11:35:24',3,5,746,82,1),(11508,290,'2018-03-23 11:35:29',1,5,731,82,1),(11509,290,'2018-03-23 11:35:35',5,5,757,82,1),(11510,292,'2018-04-20 13:15:37',4,5,764,82,1),(11511,292,'2018-04-20 13:15:40',5,5,754,82,1),(11512,292,'2018-04-20 13:15:43',1,5,751,82,1),(11513,292,'2018-04-20 13:15:47',2,5,724,82,1),(11514,281,'2018-04-20 14:09:20',4,5,715,82,1);
/*!40000 ALTER TABLE `RESULTS` ENABLE KEYS */;
UNLOCK TABLES;

--
-- Table structure for table `SCREEN`
--

DROP TABLE IF EXISTS `SCREEN`;
/*!40101 SET @saved_cs_client     = @@character_set_client */;
 SET character_set_client = utf8mb4 ;
CREATE TABLE `SCREEN` (
  `ID` int(25) NOT NULL AUTO_INCREMENT,
  `ID_USER` int(25) NOT NULL,
  `TEST_DATE` datetime NOT NULL,
  `MAX_WHITE` int(25) NOT NULL,
  `MIN_BLACK` int(25) NOT NULL,
  `RELIABILITY` int(25) NOT NULL,
  `SCREEN` text CHARACTER SET utf8 COLLATE utf8_unicode_ci NOT NULL,
  `BROWSER` text CHARACTER SET utf8 COLLATE utf8_unicode_ci NOT NULL,
  PRIMARY KEY (`ID`)
) ENGINE=InnoDB AUTO_INCREMENT=177 DEFAULT CHARSET=latin1;
/*!40101 SET character_set_client = @saved_cs_client */;

--
-- Dumping data for table `SCREEN`
--

LOCK TABLES `SCREEN` WRITE;
/*!40000 ALTER TABLE `SCREEN` DISABLE KEYS */;
INSERT INTO `SCREEN` VALUES (1,303,'2018-05-09 10:13:07',249,16,99,'1920x1080','Chrome 66 on Linux'),(2,304,'2018-05-10 15:06:30',251,16,100,'1920x1080','Chrome 66 on Linux'),(3,305,'2018-05-11 12:10:47',253,16,100,'1920x1080','Chrome 66 on Linux'),(4,306,'2018-05-11 13:11:42',253,20,100,'1536x864','Firefox 59 on Windows'),(5,307,'2018-05-11 13:18:35',250,41,100,'1920x1080','Firefox 59 on Windows'),(6,308,'2018-05-14 10:16:03',251,13,99,'1536x864','Firefox 59 on Windows'),(7,309,'2018-05-14 14:33:00',251,9,100,'1920x1080','Chrome 66 on Mac'),(8,310,'2018-05-15 07:50:05',253,16,100,'1920x1080','Chrome 66 on Windows'),(9,311,'2018-05-15 10:10:26',251,13,100,'1536x864','Firefox 59 on Windows'),(10,312,'2018-05-15 10:27:26',251,20,99,'1920x1080','Safari 11.1 on Mac'),(11,313,'2018-05-15 15:05:33',253,20,100,'1920x1080','Chrome 66 on Linux'),(12,314,'2018-05-15 21:14:43',-1,9,50,'1600x900','Firefox 59 on Windows'),(13,315,'2018-05-16 10:21:50',251,41,100,'1920x1080','Firefox 59 on Windows'),(14,316,'2018-05-16 15:06:05',247,16,99,'1536x864','Firefox 59 on Windows'),(15,317,'2018-05-17 10:47:09',251,41,100,'1920x1080','Firefox 59 on Windows'),(16,318,'2018-05-18 08:32:56',254,5,100,'1920x1080','Chrome 65 on Windows'),(17,319,'2018-05-18 10:20:50',-1,9,50,'1920x1080','Chrome 66 on Windows'),(18,320,'2018-05-18 10:29:27',-1,5,50,'1920x1080','Chrome 66 on Windows'),(19,321,'2018-05-18 10:46:33',-1,5,50,'1920x1080','Chrome 66 on Windows'),(20,322,'2018-05-18 11:18:00',-1,5,50,'1920x1080','Chrome 66 on Windows'),(21,323,'2018-05-19 22:34:48',253,41,100,'1920x1080','Safari 11.1 on Mac'),(22,324,'2018-05-20 14:08:51',253,7,100,'1280x720','Chrome 66 on Windows'),(23,325,'2018-05-20 14:22:10',253,7,100,'1280x720','Chrome 66 on Windows'),(24,327,'2018-05-20 21:59:02',251,41,100,'1920x1080','Safari 11.1 on Mac'),(25,328,'2018-05-21 10:34:28',251,41,100,'1920x1080','Firefox 60 on Windows'),(26,329,'2018-05-21 17:53:52',251,16,100,'1920x1080','Safari 11.1 on Mac'),(27,330,'2018-05-22 06:34:11',251,20,100,'1920x1200','Chrome 66 on Windows'),(28,331,'2018-05-22 10:06:07',251,13,99,'1536x864','Firefox 60 on Windows'),(29,332,'2018-05-22 13:48:34',251,41,100,'1920x1080','Firefox 60 on Windows'),(30,333,'2018-05-23 14:49:12',251,41,100,'1920x1080','Firefox 60 on Windows'),(31,334,'2018-05-24 14:49:47',253,41,100,'1920x1080','Firefox 60 on Windows'),(32,335,'2018-05-25 10:45:29',253,41,100,'1920x1080','Firefox 60 on Windows'),(33,336,'2018-05-25 12:11:57',253,16,100,'1920x1080','Chrome 66 on Linux'),(34,337,'2018-05-25 12:16:34',250,13,100,'1536x864','Firefox 60 on Windows'),(35,325,'2018-05-27 14:25:31',253,7,100,'1536x864','Chrome 66 on Windows'),(36,338,'2018-05-27 15:03:58',253,7,99,'1536x864','Chrome 66 on Windows'),(37,339,'2018-05-28 10:58:13',253,41,100,'1920x1080','Firefox 60 on Windows'),(38,340,'2018-05-29 06:31:30',251,13,100,'1920x1200','Chrome 66 on Windows'),(39,341,'2018-05-29 11:05:25',251,41,100,'1920x1080','Firefox 60 on Windows'),(40,342,'2018-05-30 11:45:54',-1,7,50,'1920x1080','Chrome 66 on Windows'),(41,343,'2018-06-02 20:49:11',253,13,100,'1536x864','Chrome 66 on Windows'),(42,344,'2018-06-02 21:03:06',253,13,100,'1536x864','Chrome 66 on Windows'),(43,345,'2018-06-02 21:15:45',253,16,100,'1536x864','Chrome 66 on Windows'),(44,346,'2018-06-02 21:28:10',253,13,100,'1536x864','Chrome 66 on Windows'),(45,347,'2018-06-02 21:40:51',253,13,95,'1536x864','Chrome 66 on Windows'),(46,348,'2018-06-03 13:36:18',253,13,100,'1536x864','Chrome 66 on Windows'),(47,349,'2018-06-03 13:51:16',253,13,95,'1536x864','Chrome 66 on Windows'),(48,350,'2018-06-03 14:07:35',253,16,95,'1536x864','Chrome 66 on Windows'),(49,351,'2018-06-03 14:21:00',253,13,95,'1536x864','Chrome 66 on Windows'),(50,352,'2018-06-03 21:39:15',251,41,100,'1920x1080','Safari 11.1 on Mac'),(51,354,'2018-06-05 08:57:24',253,13,100,'1920x1200','Chrome 66 on Windows'),(52,353,'2018-06-05 10:00:35',251,13,100,'1536x864','Firefox 60 on Windows'),(53,355,'2018-06-05 15:49:26',250,16,99,'1920x1080','Safari 11.1 on Mac'),(54,356,'2018-06-06 10:22:42',253,16,100,'1536x864','Firefox 60 on Windows'),(55,357,'2018-06-07 10:30:44',253,41,100,'1536x864','Firefox 60 on Windows'),(56,358,'2018-06-10 07:33:49',251,5,100,'1536x864','Chrome 66 on Windows'),(57,359,'2018-06-11 12:19:01',-1,13,50,'1920x1200','Firefox 60 on Linux'),(58,360,'2018-06-12 06:27:10',253,9,88,'1920x1080','Chrome 67 on Windows'),(59,361,'2018-06-12 09:25:44',253,16,100,'1920x1200','Chrome 66 on Linux'),(60,361,'2018-06-12 09:28:50',247,16,98,'1920x1200','Firefox 60 on Linux'),(61,362,'2018-06-12 12:30:54',254,5,100,'1920x1080','Chrome 66 on Windows'),(62,363,'2018-06-12 23:50:56',253,13,100,'1920x1200','Firefox 60 on Linux'),(63,364,'2018-06-13 00:02:45',253,13,100,'1920x1200','Firefox 60 on Linux'),(64,365,'2018-06-14 09:19:42',253,16,100,'1920x1200','Firefox 60 on Linux'),(65,366,'2018-06-15 09:20:29',253,13,100,'1920x1200','Firefox 60 on Linux'),(66,367,'2018-06-18 00:23:16',253,13,100,'1920x1200','Firefox 60 on Linux'),(67,368,'2018-06-18 13:29:24',253,9,95,'1920x1200','Chrome 67 on Windows'),(68,369,'2018-06-20 09:07:24',253,13,100,'1920x1200','Firefox 60 on Linux'),(69,370,'2018-06-22 09:22:53',253,5,99,'1920x1200','Firefox 60 on Linux'),(70,371,'2018-06-22 11:40:21',253,16,100,'1920x1200','Firefox 60 on Linux'),(71,372,'2018-06-22 18:22:29',251,13,100,'1920x1080','Safari 11.1 on Mac'),(72,373,'2018-06-26 07:04:58',253,7,95,'1920x1200','Chrome 67 on Windows'),(73,374,'2018-06-27 17:27:48',251,16,100,'1920x1080','Safari 11.1 on Mac'),(74,375,'2018-07-02 13:01:16',253,5,99,'2560x1440','Chrome 67 on Windows'),(75,376,'2018-07-03 11:22:41',253,5,100,'2560x1440','Chrome 67 on Windows'),(76,377,'2018-07-05 06:37:13',253,5,88,'1920x1200','Chrome 67 on Windows'),(77,378,'2018-07-11 16:27:47',251,16,100,'1920x1080','Safari 11.1 on Mac'),(78,379,'2018-07-12 15:42:59',253,5,100,'2560x1440','Chrome 67 on Windows'),(79,380,'2018-07-13 10:38:57',253,5,88,'1920x1080','Chrome 67 on Windows'),(80,381,'2018-07-15 11:52:55',253,5,100,'2560x1440','Chrome 67 on Windows'),(81,382,'2018-07-17 06:27:10',253,5,88,'1920x1080','Chrome 67 on Windows'),(82,383,'2018-07-22 23:17:09',253,7,88,'1920x1080','Chrome 67 on Windows'),(83,384,'2018-08-06 10:58:55',253,13,100,'1920x1080','Chrome 68 on Linux'),(84,385,'2018-10-11 11:19:28',-1,5,50,'1920x1080','Chrome 68 on Windows'),(85,386,'2018-10-11 14:01:16',253,5,100,'2560x1440','Chrome 69 on Windows'),(86,387,'2018-10-12 09:04:59',251,9,100,'1920x1080','Chrome 69 on Linux'),(87,388,'2018-10-14 11:53:20',253,5,100,'2560x1440','Chrome 69 on Windows'),(88,389,'2018-10-15 10:51:56',253,5,100,'2560x1440','Chrome 69 on Windows'),(89,390,'2018-10-15 11:39:33',-1,5,50,'1920x1080','Chrome 68 on Windows'),(90,391,'2018-10-15 13:02:17',-1,9,50,'1920x1080','Chrome 68 on Windows'),(91,392,'2018-10-18 10:54:40',247,41,99,'1920x1080','Chrome 69 on Windows'),(92,393,'2018-10-18 11:12:28',253,5,100,'2560x1440','Chrome 69 on Windows'),(93,394,'2018-10-22 10:26:29',253,16,100,'1920x1200','Firefox 62 on Linux'),(94,395,'2018-10-26 15:58:01',251,7,99,'1920x1080','Chrome 70 on Linux'),(95,396,'2018-10-28 08:42:29',247,5,100,'1920x1080','Chrome 70 on Windows'),(96,397,'2018-10-28 09:08:37',249,5,100,'1920x1080','Chrome 70 on Windows'),(97,398,'2018-10-28 09:26:36',249,5,100,'1920x1080','Chrome 70 on Windows'),(98,399,'2018-10-29 17:13:52',251,16,99,'1920x1080','Chrome 70 on Linux'),(99,400,'2018-10-31 12:45:08',253,5,100,'2560x1440','Chrome 70 on Windows'),(100,401,'2018-11-05 16:38:17',251,7,100,'1920x1080','Chrome 70 on Linux'),(101,402,'2018-11-07 13:38:00',251,5,100,'1920x1080','Chrome 70 on Linux'),(102,403,'2018-11-10 16:06:55',251,7,100,'1920x1080','Chrome 70 on Linux'),(103,404,'2018-11-10 16:25:09',251,7,100,'1920x1080','Chrome 70 on Linux'),(104,405,'2018-11-21 11:25:16',251,9,100,'1920x1080','Chrome 70 on Linux'),(105,406,'2018-11-30 08:49:46',248,5,100,'1920x1080','Chrome 70 on Windows'),(106,407,'2018-11-30 09:24:11',248,5,100,'1920x1080','Chrome 70 on Windows'),(107,408,'2018-11-30 10:26:45',248,5,100,'1920x1080','Chrome 70 on Windows'),(108,409,'2018-11-30 12:08:18',248,5,100,'1920x1080','Chrome 70 on Windows'),(109,410,'2018-11-30 18:13:27',250,7,88,'1920x1080','Firefox 63 on Windows'),(110,411,'2018-11-30 18:15:37',250,13,99,'1920x1080','Firefox 63 on Windows'),(111,412,'2018-11-30 18:29:20',253,9,95,'1920x1080','Firefox 63 on Windows'),(112,413,'2018-12-04 12:36:27',251,7,100,'1920x1200','Chrome 70 on Linux'),(113,286,'2018-12-04 12:43:05',251,5,100,'1920x1200','Chrome 70 on Linux'),(114,286,'2018-12-04 12:50:32',250,5,100,'1920x1200','Chrome 70 on Linux'),(115,286,'2018-12-04 13:23:17',250,5,100,'1920x1200','Chrome 70 on Linux'),(116,286,'2018-12-04 21:39:49',253,5,100,'1440x900','Safari 12 on Mac'),(117,286,'2018-12-05 10:31:59',251,7,99,'1920x1200','Chrome 70 on Linux'),(118,415,'2018-12-06 13:18:58',251,7,100,'1440x900','Chrome 70 on Mac'),(119,418,'2018-12-06 13:19:55',-1,13,100,'1920x1080','Chrome 70 on Windows'),(120,414,'2018-12-06 13:19:57',251,5,95,'1366x768','Chrome 70 on Linux'),(121,417,'2018-12-06 13:21:04',253,7,99,'1600x900','Chrome 70 on Windows'),(122,419,'2018-12-06 13:21:39',-1,5,99,'1920x1080','Firefox 63 on Windows'),(123,416,'2018-12-06 13:22:08',250,13,100,'1920x1080','Chrome 70 on Windows'),(124,420,'2018-12-06 13:22:16',-1,9,50,'1920x1080','Firefox 63 on Windows'),(125,421,'2018-12-06 13:22:47',-1,9,27,'1920x1080','Firefox 52 on Linux'),(126,424,'2018-12-06 13:23:24',-1,9,95,'1920x1080','Chrome 70 on Windows'),(127,414,'2018-12-06 13:23:41',251,5,95,'1366x768','Chrome 70 on Linux'),(128,423,'2018-12-06 13:24:08',251,5,100,'1920x1080','Firefox 52 on Linux'),(129,422,'2018-12-06 13:24:33',-1,5,50,'1920x1080','Firefox 52 on Linux'),(130,413,'2018-12-06 13:29:31',253,5,100,'1536x864','Chrome 70 on Windows'),(131,418,'2018-12-06 13:29:55',-1,13,100,'1920x1080','Chrome 70 on Windows'),(132,416,'2018-12-06 13:30:06',250,13,100,'1920x1080','Chrome 70 on Windows'),(133,417,'2018-12-06 13:30:08',253,13,99,'1600x900','Chrome 70 on Windows'),(134,419,'2018-12-06 13:30:18',-1,7,100,'1920x1080','Firefox 63 on Windows'),(135,420,'2018-12-06 13:30:50',254,9,100,'1280x800','Safari 12 on Mac'),(136,424,'2018-12-06 13:30:58',-1,16,100,'1920x1080','Chrome 70 on Windows'),(137,421,'2018-12-06 13:31:18',-1,7,99,'1920x1080','Firefox 52 on Linux'),(138,423,'2018-12-06 13:32:35',253,7,100,'1536x864','Chrome 70 on Windows'),(139,422,'2018-12-06 13:33:23',-1,5,95,'1920x1080','Firefox 52 on Linux'),(140,432,'2018-12-06 16:39:26',-1,7,50,'1920x1080','Chrome 70 on Windows'),(141,428,'2018-12-06 16:39:29',-1,7,100,'1920x1080','Firefox 58 on Linux'),(142,427,'2018-12-06 16:39:37',250,7,95,'1920x1080','Firefox 63 on Windows'),(143,426,'2018-12-06 16:39:45',251,5,88,'1920x1080','Firefox 63 on Windows'),(144,429,'2018-12-06 16:39:47',251,7,99,'1920x1080','Firefox 63 on Windows'),(145,435,'2018-12-06 16:39:50',251,9,95,'1920x1080','Firefox 63 on Windows'),(146,430,'2018-12-06 16:39:52',251,9,100,'1920x1080','Firefox 63 on Windows'),(147,433,'2018-12-06 16:40:00',251,41,100,'1920x1080','Firefox 63 on Linux'),(148,434,'2018-12-06 16:40:47',253,5,88,'1280x720','Firefox 63 on Windows'),(149,429,'2018-12-06 16:41:46',247,9,99,'1920x1080','Firefox 63 on Windows'),(150,431,'2018-12-06 16:42:07',251,13,99,'1280x720','Firefox 63 on Windows'),(151,428,'2018-12-06 16:48:57',-1,13,100,'1920x1080','Firefox 58 on Linux'),(152,432,'2018-12-06 16:49:38',-1,5,5,'1920x1080','Chrome 70 on Windows'),(153,428,'2018-12-06 16:49:41',-1,7,98,'1920x1080','Firefox 58 on Linux'),(154,429,'2018-12-06 16:49:42',251,9,100,'1920x1080','Firefox 63 on Windows'),(155,433,'2018-12-06 16:49:59',251,20,100,'1920x1080','Firefox 63 on Linux'),(156,435,'2018-12-06 16:50:01',251,9,99,'1920x1080','Firefox 63 on Windows'),(157,426,'2018-12-06 16:50:04',251,13,95,'1920x1080','Firefox 63 on Windows'),(158,427,'2018-12-06 16:50:05',247,7,95,'1920x1080','Firefox 63 on Windows'),(159,431,'2018-12-06 16:50:07',251,13,100,'1280x720','Firefox 63 on Windows'),(160,429,'2018-12-06 16:50:22',251,7,99,'1920x1080','Firefox 63 on Windows'),(161,430,'2018-12-06 16:50:24',251,9,99,'1920x1080','Firefox 63 on Windows'),(162,436,'2018-12-06 16:51:05',-1,7,100,'1920x1080','Firefox 63 on Windows'),(163,434,'2018-12-06 16:55:24',251,5,100,'1280x720','Firefox 63 on Windows'),(164,438,'2018-12-07 16:39:24',-1,13,100,'1920x1080','Firefox 63 on Windows'),(165,288,'2018-12-07 16:39:42',251,5,95,'1920x1080','Chrome 70 on Windows'),(166,437,'2018-12-07 16:39:45',-1,7,100,'1920x1080','Firefox 63 on Windows'),(167,441,'2018-12-07 16:39:48',253,13,95,'1536x864','Firefox 63 on Windows'),(168,439,'2018-12-07 16:40:14',-1,9,100,'1920x1080','Firefox 63 on Windows'),(169,440,'2018-12-07 16:40:19',-1,5,95,'1920x1080','Chrome 70 on Windows'),(170,443,'2018-12-07 16:44:55',253,9,99,'1536x864','Firefox 63 on Windows'),(171,438,'2018-12-07 16:44:55',-1,13,100,'1920x1080','Firefox 63 on Windows'),(172,440,'2018-12-07 16:45:00',-1,5,99,'1920x1080','Chrome 70 on Windows'),(173,437,'2018-12-07 16:45:05',-1,9,99,'1920x1080','Firefox 63 on Windows'),(174,442,'2018-12-07 16:45:16',251,7,100,'1920x1080','Chrome 70 on Windows'),(175,439,'2018-12-07 16:45:25',-1,9,100,'1920x1080','Firefox 63 on Windows'),(176,444,'2018-12-14 12:54:44',253,20,95,'1920x1200','Firefox 63 on Linux');
/*!40000 ALTER TABLE `SCREEN` ENABLE KEYS */;
UNLOCK TABLES;

--
-- Table structure for table `SLIDER_RESULTS`
--

DROP TABLE IF EXISTS `SLIDER_RESULTS`;
/*!40101 SET @saved_cs_client     = @@character_set_client */;
 SET character_set_client = utf8mb4 ;
CREATE TABLE `SLIDER_RESULTS` (
  `ID` int(25) NOT NULL AUTO_INCREMENT,
  `ID_USER` int(25) NOT NULL,
  `TEST_DATE` datetime NOT NULL,
  `TOTAL_CLICKS` int(20) NOT NULL,
  `CLICK_ID` int(20) NOT NULL,
  `CLICK_DOWN` decimal(10,1) NOT NULL,
  `CLICK_UP` decimal(10,1) NOT NULL,
  `SLIDE_MOS` int(20) NOT NULL,
  `ID_FILE` int(25) NOT NULL,
  `ID_TEST` int(11) NOT NULL,
  `TEST_NUMBER` int(11) NOT NULL,
  KEY `ID` (`ID`)
) ENGINE=InnoDB AUTO_INCREMENT=7132 DEFAULT CHARSET=latin1;
/*!40101 SET character_set_client = @saved_cs_client */;

--
-- Dumping data for table `SLIDER_RESULTS`
--

LOCK TABLES `SLIDER_RESULTS` WRITE;
/*!40000 ALTER TABLE `SLIDER_RESULTS` DISABLE KEYS */;
INSERT INTO `SLIDER_RESULTS` VALUES (6964,219,'2017-09-25 14:22:16',0,0,0.0,0.0,50,520,75,1),(6965,219,'2017-09-25 14:22:33',5,0,0.0,0.0,50,524,75,1),(6966,219,'2017-09-25 14:22:33',5,1,8.5,8.6,10,524,75,1),(6967,219,'2017-09-25 14:22:33',5,2,9.1,9.2,26,524,75,1),(6968,219,'2017-09-25 14:22:33',5,3,9.9,10.0,46,524,75,1),(6969,219,'2017-09-25 14:22:33',5,4,10.6,10.7,63,524,75,1),(6970,219,'2017-09-25 14:22:33',5,5,11.3,11.4,81,524,75,1),(6971,219,'2017-09-25 14:28:36',0,0,0.0,0.0,50,546,75,1),(6972,219,'2017-09-25 14:28:52',11,0,0.0,0.0,50,578,75,1),(6973,219,'2017-09-25 14:28:52',11,1,1.9,2.0,14,578,75,1),(6974,219,'2017-09-25 14:28:52',11,2,3.0,3.1,5,578,75,1),(6975,219,'2017-09-25 14:28:52',11,3,3.8,3.9,21,578,75,1),(6976,219,'2017-09-25 14:28:52',11,4,4.5,4.6,7,578,75,1),(6977,219,'2017-09-25 14:28:52',11,5,5.1,5.2,26,578,75,1),(6978,219,'2017-09-25 14:28:52',11,6,5.8,5.9,11,578,75,1),(6979,219,'2017-09-25 14:28:52',11,7,6.3,6.4,20,578,75,1),(6980,219,'2017-09-25 14:28:52',11,8,6.8,6.9,10,578,75,1),(6981,219,'2017-09-25 14:28:52',11,9,7.3,7.4,23,578,75,1),(6982,219,'2017-09-25 14:28:52',11,10,7.8,7.9,0,578,75,1),(6983,219,'2017-09-25 14:28:52',11,11,8.5,8.6,20,578,75,1),(6984,220,'2017-09-25 15:23:13',10,0,0.0,0.0,50,533,75,1),(6985,220,'2017-09-25 15:23:13',10,1,2.6,2.7,14,533,75,1),(6986,220,'2017-09-25 15:23:13',10,2,3.3,3.4,42,533,75,1),(6987,220,'2017-09-25 15:23:13',10,3,3.8,3.9,67,533,75,1),(6988,220,'2017-09-25 15:23:13',10,4,4.4,4.5,80,533,75,1),(6989,220,'2017-09-25 15:23:13',10,5,5.1,5.2,48,533,75,1),(6990,220,'2017-09-25 15:23:13',10,6,6.1,6.2,9,533,75,1),(6991,220,'2017-09-25 15:23:13',10,7,6.8,6.9,25,533,75,1),(6992,220,'2017-09-25 15:23:13',10,8,7.3,7.4,50,533,75,1),(6993,220,'2017-09-25 15:23:13',10,9,7.9,8.0,71,533,75,1),(6994,220,'2017-09-25 15:23:13',10,10,8.4,8.5,88,533,75,1),(6995,220,'2017-09-25 15:23:40',6,0,0.0,0.0,50,561,75,1),(6996,220,'2017-09-25 15:23:40',6,1,2.2,2.3,92,561,75,1),(6997,220,'2017-09-25 15:23:40',6,2,2.9,4.0,100,561,75,1),(6998,220,'2017-09-25 15:23:40',6,3,4.9,5.5,79,561,75,1),(6999,220,'2017-09-25 15:23:40',6,4,5.9,6.7,95,561,75,1),(7000,220,'2017-09-25 15:23:40',6,5,7.1,7.9,86,561,75,1),(7001,220,'2017-09-25 15:23:40',6,6,9.1,9.2,94,561,75,1),(7002,221,'2017-09-29 19:03:36',1,0,0.0,0.0,50,498,75,1),(7003,221,'2017-09-29 19:03:36',1,1,3.4,0.0,0,498,75,1),(7004,222,'2017-10-03 11:02:49',4,0,0.0,0.0,50,525,75,1),(7005,222,'2017-10-03 11:02:49',4,1,4.0,5.1,15,525,75,1),(7006,222,'2017-10-03 11:02:49',4,2,5.7,6.6,69,525,75,1),(7007,222,'2017-10-03 11:02:49',4,3,8.7,9.4,90,525,75,1),(7008,222,'2017-10-03 11:02:49',4,4,10.3,11.3,16,525,75,1),(7009,222,'2017-10-03 11:03:06',1,0,0.0,0.0,50,572,75,1),(7010,222,'2017-10-03 11:03:06',1,1,2.3,3.1,88,572,75,1),(7011,222,'2017-10-03 11:03:21',1,0,0.0,0.0,50,512,75,1),(7012,222,'2017-10-03 11:03:21',1,1,2.0,3.0,8,512,75,1),(7013,222,'2017-10-03 11:03:38',1,0,0.0,0.0,50,573,75,1),(7014,222,'2017-10-03 11:03:38',1,1,2.7,3.3,85,573,75,1),(7015,223,'2017-10-07 19:18:59',2,0,0.0,0.0,50,504,75,1),(7016,223,'2017-10-07 19:18:59',2,1,5.3,6.1,10,504,75,1),(7017,223,'2017-10-07 19:18:59',2,2,6.8,9.3,100,504,75,1),(7018,223,'2017-10-07 19:20:07',0,0,0.0,0.0,50,560,75,1),(7019,223,'2017-10-07 19:20:24',3,0,0.0,0.0,50,491,75,1),(7020,223,'2017-10-07 19:20:24',3,1,6.0,6.1,59,491,75,1),(7021,223,'2017-10-07 19:20:24',3,2,6.6,6.6,65,491,75,1),(7022,223,'2017-10-07 19:20:24',3,3,7.1,7.5,79,491,75,1),(7023,223,'2017-10-07 19:20:39',4,0,0.0,0.0,50,519,75,1),(7024,223,'2017-10-07 19:20:39',4,1,2.0,2.6,33,519,75,1),(7025,223,'2017-10-07 19:20:39',4,2,2.7,3.1,28,519,75,1),(7026,223,'2017-10-07 19:20:39',4,3,5.2,5.6,14,519,75,1),(7027,223,'2017-10-07 19:20:39',4,4,7.8,9.7,61,519,75,1),(7028,224,'2017-10-08 12:34:06',0,0,0.0,0.0,50,511,75,1),(7029,224,'2017-10-08 12:34:20',1,0,0.0,0.0,50,499,75,1),(7030,224,'2017-10-08 12:34:20',1,1,2.0,6.5,7,499,75,1),(7031,224,'2017-10-08 12:34:36',1,0,0.0,0.0,50,539,75,1),(7032,224,'2017-10-08 12:34:36',1,1,3.1,0.0,0,539,75,1),(7033,224,'2017-10-08 12:34:52',3,0,0.0,0.0,50,512,75,1),(7034,224,'2017-10-08 12:34:52',3,1,2.6,4.5,42,512,75,1),(7035,224,'2017-10-08 12:34:52',3,2,9.1,9.2,42,512,75,1),(7036,224,'2017-10-08 12:34:52',3,3,10.3,11.1,28,512,75,1),(7037,224,'2017-10-08 12:35:09',2,0,0.0,0.0,50,498,75,1),(7038,224,'2017-10-08 12:35:09',2,1,1.9,3.3,22,498,75,1),(7039,224,'2017-10-08 12:35:09',2,2,6.2,7.9,18,498,75,1),(7040,224,'2017-10-08 12:35:26',1,0,0.0,0.0,50,573,75,1),(7041,224,'2017-10-08 12:35:26',1,1,7.0,0.0,0,573,75,1),(7042,224,'2017-10-08 12:35:54',3,0,0.0,0.0,50,533,75,1),(7043,224,'2017-10-08 12:35:54',3,1,7.5,8.2,19,533,75,1),(7044,224,'2017-10-08 12:35:54',3,2,8.9,9.0,19,533,75,1),(7045,224,'2017-10-08 12:35:54',3,3,11.2,12.1,0,533,75,1),(7046,224,'2017-10-08 12:36:35',1,0,0.0,0.0,50,552,75,1),(7047,224,'2017-10-08 12:36:35',1,1,3.9,4.4,0,552,75,1),(7048,224,'2017-10-08 12:36:51',1,0,0.0,0.0,50,492,75,1),(7049,224,'2017-10-08 12:36:51',1,1,2.2,5.1,80,492,75,1),(7050,224,'2017-10-08 12:38:09',0,0,0.0,0.0,50,553,75,1),(7051,224,'2017-10-08 12:38:24',1,0,0.0,0.0,50,556,75,1),(7052,224,'2017-10-08 12:38:24',1,1,3.3,6.8,71,556,75,1),(7053,224,'2017-10-08 12:38:38',1,0,0.0,0.0,50,495,75,1),(7054,224,'2017-10-08 12:38:38',1,1,7.9,8.7,73,495,75,1),(7055,224,'2017-10-08 12:38:57',1,0,0.0,0.0,50,564,75,1),(7056,224,'2017-10-08 12:38:57',1,1,10.1,10.8,75,564,75,1),(7057,224,'2017-10-08 12:39:12',1,0,0.0,0.0,50,513,75,1),(7058,224,'2017-10-08 12:39:12',1,1,2.5,10.1,17,513,75,1),(7059,224,'2017-10-08 12:39:26',1,0,0.0,0.0,50,547,75,1),(7060,224,'2017-10-08 12:39:26',1,1,3.5,4.7,73,547,75,1),(7061,224,'2017-10-08 12:40:21',0,0,0.0,0.0,50,538,75,1),(7062,224,'2017-10-08 12:41:02',0,0,0.0,0.0,50,524,75,1),(7063,224,'2017-10-08 12:41:19',0,0,0.0,0.0,50,566,75,1),(7064,224,'2017-10-08 12:42:59',0,0,0.0,0.0,50,528,75,1),(7065,224,'2017-10-08 12:43:25',0,0,0.0,0.0,50,518,75,1),(7066,224,'2017-10-08 12:43:43',0,0,0.0,0.0,50,508,75,1),(7067,224,'2017-10-08 12:43:59',3,0,0.0,0.0,50,579,75,1),(7068,224,'2017-10-08 12:43:59',3,1,1.9,3.5,11,579,75,1),(7069,224,'2017-10-08 12:43:59',3,2,6.3,6.8,93,579,75,1),(7070,224,'2017-10-08 12:43:59',3,3,12.0,0.0,0,579,75,1),(7071,225,'2017-10-12 20:05:07',1,0,0.0,0.0,50,537,75,1),(7072,225,'2017-10-12 20:05:07',1,1,11.3,11.5,28,537,75,1),(7073,225,'2017-10-12 20:06:09',0,0,0.0,0.0,50,540,75,1),(7074,225,'2017-10-12 20:06:29',0,0,0.0,0.0,50,494,75,1),(7075,225,'2017-10-12 20:06:55',0,0,0.0,0.0,50,538,75,1),(7076,225,'2017-10-12 20:10:42',7,0,0.0,0.0,50,528,75,1),(7077,225,'2017-10-12 20:10:42',7,1,2.0,2.6,18,528,75,1),(7078,225,'2017-10-12 20:10:42',7,2,3.4,5.3,100,528,75,1),(7079,225,'2017-10-12 20:10:42',7,3,5.8,8.1,50,528,75,1),(7080,225,'2017-10-12 20:10:42',7,4,9.1,9.4,20,528,75,1),(7081,225,'2017-10-12 20:10:42',7,5,9.8,10.0,2,528,75,1),(7082,225,'2017-10-12 20:10:42',7,6,10.7,11.0,57,528,75,1),(7083,225,'2017-10-12 20:10:42',7,7,11.8,11.9,83,528,75,1),(7084,227,'2017-10-18 18:11:43',1,0,0.0,0.0,50,501,75,1),(7085,227,'2017-10-18 18:11:43',1,1,10.4,11.0,31,501,75,1),(7086,228,'2017-10-20 15:27:29',0,0,0.0,0.0,50,511,75,1),(7087,230,'2017-10-20 16:10:46',0,0,0.0,0.0,50,529,75,1),(7088,230,'2017-10-20 16:54:00',0,0,0.0,0.0,50,565,75,1),(7089,230,'2017-10-20 16:54:15',0,0,0.0,0.0,50,550,75,1),(7090,230,'2017-10-20 16:56:47',0,0,0.0,0.0,50,540,75,1),(7091,230,'2017-10-20 16:58:33',0,0,0.0,0.0,50,585,75,1),(7092,230,'2017-10-20 16:59:49',0,0,0.0,0.0,50,503,75,1),(7093,230,'2017-10-20 17:00:05',0,0,0.0,0.0,50,545,75,1),(7094,232,'2017-10-23 10:19:37',0,0,0.0,0.0,50,592,77,1),(7095,233,'2017-10-23 10:21:32',0,0,0.0,0.0,50,592,77,1),(7096,236,'2017-10-23 10:23:53',0,0,0.0,0.0,50,592,77,1),(7097,237,'2017-10-23 13:50:29',0,0,0.0,0.0,50,512,75,1),(7098,237,'2017-10-23 13:50:46',2,0,0.0,0.0,50,572,75,1),(7099,237,'2017-10-23 13:50:46',2,1,11.1,11.2,69,572,75,1),(7100,237,'2017-10-23 13:50:46',2,2,12.1,0.0,0,572,75,1),(7101,237,'2017-10-23 13:51:01',8,0,0.0,0.0,50,578,75,1),(7102,237,'2017-10-23 13:51:01',8,1,1.6,1.7,28,578,75,1),(7103,237,'2017-10-23 13:51:01',8,2,2.2,2.3,13,578,75,1),(7104,237,'2017-10-23 13:51:01',8,3,3.0,3.1,3,578,75,1),(7105,237,'2017-10-23 13:51:01',8,4,3.6,3.7,33,578,75,1),(7106,237,'2017-10-23 13:51:01',8,5,4.2,4.3,57,578,75,1),(7107,237,'2017-10-23 13:51:01',8,6,6.0,6.1,92,578,75,1),(7108,237,'2017-10-23 13:51:01',8,7,6.7,6.8,99,578,75,1),(7109,237,'2017-10-23 13:51:01',8,8,8.2,8.3,6,578,75,1),(7110,238,'2017-10-23 13:54:01',0,0,0.0,0.0,50,573,75,1),(7111,238,'2017-10-23 14:06:45',0,0,0.0,0.0,50,561,75,1),(7112,238,'2017-10-23 14:08:25',0,0,0.0,0.0,50,534,75,1),(7113,238,'2017-10-23 14:08:41',0,0,0.0,0.0,50,557,75,1),(7114,238,'2017-10-23 14:09:05',2,0,0.0,0.0,50,539,75,1),(7115,238,'2017-10-23 14:09:05',2,1,6.6,7.3,25,539,75,1),(7116,238,'2017-10-23 14:09:05',2,2,8.6,9.7,5,539,75,1),(7117,237,'2017-10-23 14:09:59',0,0,0.0,0.0,50,501,75,1),(7118,237,'2017-10-23 14:10:33',0,0,0.0,0.0,50,555,75,1),(7119,240,'2017-10-23 15:45:23',0,0,0.0,0.0,50,552,75,1),(7120,240,'2017-10-23 15:46:27',0,0,0.0,0.0,50,572,75,1),(7121,239,'2017-10-23 15:46:40',0,0,0.0,0.0,50,522,75,1),(7122,242,'2017-10-23 16:52:30',0,0,0.0,0.0,50,497,75,1),(7123,242,'2017-10-23 16:53:05',0,0,0.0,0.0,50,559,75,1),(7124,242,'2017-10-23 16:53:20',0,0,0.0,0.0,50,502,75,1),(7125,242,'2017-10-23 16:53:46',0,0,0.0,0.0,50,537,75,1),(7126,242,'2017-10-23 16:54:55',0,0,0.0,0.0,50,498,75,1),(7127,242,'2017-10-23 16:55:10',0,0,0.0,0.0,50,575,75,1),(7128,242,'2017-10-23 16:55:27',0,0,0.0,0.0,50,510,75,1),(7129,245,'2017-11-13 13:33:48',0,0,0.0,0.0,50,497,75,1),(7130,245,'2017-11-13 13:34:05',0,0,0.0,0.0,50,576,75,1),(7131,245,'2017-11-13 13:37:40',0,0,0.0,0.0,50,492,75,1);
/*!40000 ALTER TABLE `SLIDER_RESULTS` ENABLE KEYS */;
UNLOCK TABLES;

--
-- Table structure for table `TESTS_DOC`
--

DROP TABLE IF EXISTS `TESTS_DOC`;
/*!40101 SET @saved_cs_client     = @@character_set_client */;
 SET character_set_client = utf8mb4 ;
CREATE TABLE `TESTS_DOC` (
  `ID` int(11) NOT NULL AUTO_INCREMENT,
  `TEST_DOC_NAME` varchar(500) NOT NULL,
  `ACTIVE` tinyint(1) NOT NULL,
  `COMMENT` varchar(1000) NOT NULL,
  `NUMBER` int(11) NOT NULL DEFAULT '1',
  `MOS_MAX` int(20) NOT NULL DEFAULT '5',
  KEY `ID` (`ID`)
) ENGINE=InnoDB AUTO_INCREMENT=91 DEFAULT CHARSET=latin1;
/*!40101 SET character_set_client = @saved_cs_client */;

--
-- Dumping data for table `TESTS_DOC`
--

LOCK TABLES `TESTS_DOC` WRITE;
/*!40000 ALTER TABLE `TESTS_DOC` DISABLE KEYS */;
INSERT INTO `TESTS_DOC` VALUES (80,'vime1_conf.txt',0,'brak_narazie',1,5),(82,'ccriq2_conf.txt',0,'brak_narazie',1,5),(85,'AMIPaC-2017-winter-training.txt',0,'brak_narazie',1,5),(86,'Torture.txt',1,'brak_narazie',1,5),(87,'QuesTest.txt',0,'brak_narazie',1,5),(89,'AMIPaC-2018-winter-training.txt',0,'brak_narazie',1,5),(90,'AMIPaC-2018-winter.txt',0,'brak_narazie',1,5);
/*!40000 ALTER TABLE `TESTS_DOC` ENABLE KEYS */;
UNLOCK TABLES;

--
-- Table structure for table `TESTS_FILE`
--

DROP TABLE IF EXISTS `TESTS_FILE`;
/*!40101 SET @saved_cs_client     = @@character_set_client */;
 SET character_set_client = utf8mb4 ;
CREATE TABLE `TESTS_FILE` (
  `ID` int(25) NOT NULL AUTO_INCREMENT,
  `ID_TEST` int(25) NOT NULL,
  `FILE_PATH` varchar(500) NOT NULL,
  KEY `ID` (`ID`)
) ENGINE=InnoDB AUTO_INCREMENT=1028 DEFAULT CHARSET=latin1;
/*!40101 SET character_set_client = @saved_cs_client */;

--
-- Dumping data for table `TESTS_FILE`
--

LOCK TABLES `TESTS_FILE` WRITE;
/*!40000 ALTER TABLE `TESTS_FILE` DISABLE KEYS */;
INSERT INTO `TESTS_FILE` VALUES (595,80,'Data/AMIPaC-2017-winter/vime1/vime1_construction_camF.jpg\n'),(596,80,'Data/AMIPaC-2017-winter/vime1/vime1_clocktower_camH-ver2.jpg\n'),(597,80,'Data/AMIPaC-2017-winter/vime1/vime1_clocktower_camE-ver1.jpg\n'),(598,80,'Data/AMIPaC-2017-winter/vime1/vime1_clocktower_camG-ver1.jpg\n'),(599,80,'Data/AMIPaC-2017-winter/vime1/vime1_alley_camA-ver2.jpg\n'),(600,80,'Data/AMIPaC-2017-winter/vime1/vime1_riverview_camI.jpg\n'),(601,80,'Data/AMIPaC-2017-winter/vime1/vime1_clocktower_camA-ver2.jpg\n'),(602,80,'Data/AMIPaC-2017-winter/vime1/vime1_statue_camD.jpg\n'),(603,80,'Data/AMIPaC-2017-winter/vime1/vime1_statue_camC-ver1.jpg\n'),(604,80,'Data/AMIPaC-2017-winter/vime1/vime1_statue_camB.jpg\n'),(605,80,'Data/AMIPaC-2017-winter/vime1/vime1_clocktower_camG-ver2.jpg\n'),(606,80,'Data/AMIPaC-2017-winter/vime1/vime1_cathedral_camK-ver3.jpg\n'),(607,80,'Data/AMIPaC-2017-winter/vime1/vime1_clocktower_camA-ver1.jpg\n'),(608,80,'Data/AMIPaC-2017-winter/vime1/vime1_clocktower_camD-ver2.jpg\n'),(609,80,'Data/AMIPaC-2017-winter/vime1/vime1_cathedral_camK-ver1.jpg\n'),(610,80,'Data/AMIPaC-2017-winter/vime1/vime1_clocktower_camC-ver1.jpg\n'),(611,80,'Data/AMIPaC-2017-winter/vime1/vime1_clocktower_camI-ver2.jpg\n'),(612,80,'Data/AMIPaC-2017-winter/vime1/vime1_riverview_camB.jpg\n'),(613,80,'Data/AMIPaC-2017-winter/vime1/vime1_cathedral_camA-ver2.jpg\n'),(614,80,'Data/AMIPaC-2017-winter/vime1/vime1_cathedral_camI-ver1.jpg\n'),(615,80,'Data/AMIPaC-2017-winter/vime1/vime1_clocktower_camB-ver2.jpg\n'),(616,80,'Data/AMIPaC-2017-winter/vime1/vime1_riverview_camK-ver1.jpg\n'),(617,80,'Data/AMIPaC-2017-winter/vime1/vime1_clocktower_camB-ver1.jpg\n'),(618,80,'Data/AMIPaC-2017-winter/vime1/vime1_construction_camA-ver3.jpg\n'),(619,80,'Data/AMIPaC-2017-winter/vime1/vime1_cathedral_camB.jpg\n'),(620,80,'Data/AMIPaC-2017-winter/vime1/vime1_cathedral_camK-ver5.jpg\n'),(621,80,'Data/AMIPaC-2017-winter/vime1/vime1_alley_camA-ver1.jpg\n'),(622,80,'Data/AMIPaC-2017-winter/vime1/vime1_alley_camI.jpg\n'),(623,80,'Data/AMIPaC-2017-winter/vime1/vime1_clocktower_camI-ver1.jpg\n'),(624,80,'Data/AMIPaC-2017-winter/vime1/vime1_blackwhite_camD.jpg\n'),(625,80,'Data/AMIPaC-2017-winter/vime1/vime1_riverview_camC-ver1.jpg\n'),(626,80,'Data/AMIPaC-2017-winter/vime1/vime1_clocktower_camF-ver2.jpg\n'),(627,80,'Data/AMIPaC-2017-winter/vime1/vime1_cathedral_camK-ver4.jpg\n'),(628,80,'Data/AMIPaC-2017-winter/vime1/vime1_cathedral_camI-ver2.jpg\n'),(629,80,'Data/AMIPaC-2017-winter/vime1/vime1_alley_camH.jpg\n'),(630,80,'Data/AMIPaC-2017-winter/vime1/vime1_statue_camK.jpg\n'),(631,80,'Data/AMIPaC-2017-winter/vime1/vime1_blackwhite_camB.jpg\n'),(632,80,'Data/AMIPaC-2017-winter/vime1/vime1_clocktower_camC-ver3.jpg\n'),(633,80,'Data/AMIPaC-2017-winter/vime1/vime1_cathedral_camF.jpg\n'),(634,80,'Data/AMIPaC-2017-winter/vime1/vime1_blackwhite_camI-ver1.jpg\n'),(635,80,'Data/AMIPaC-2017-winter/vime1/vime1_cathedral_camA-ver1.jpg\n'),(636,80,'Data/AMIPaC-2017-winter/vime1/vime1_alley_camD.jpg\n'),(637,80,'Data/AMIPaC-2017-winter/vime1/vime1_alley_camF.jpg\n'),(638,80,'Data/AMIPaC-2017-winter/vime1/vime1_cathedral_camD-ver1.jpg\n'),(639,80,'Data/AMIPaC-2017-winter/vime1/vime1_cathedral_camA-ver3.jpg\n'),(640,80,'Data/AMIPaC-2017-winter/vime1/vime1_statue_camI.jpg\n'),(641,80,'Data/AMIPaC-2017-winter/vime1/vime1_blackwhite_camA-ver3.jpg\n'),(642,80,'Data/AMIPaC-2017-winter/vime1/vime1_riverview_camC-ver2.jpg\n'),(643,80,'Data/AMIPaC-2017-winter/vime1/vime1_cathedral_camK-ver2.jpg\n'),(644,80,'Data/AMIPaC-2017-winter/vime1/vime1_alley_camC-ver2.jpg\n'),(645,80,'Data/AMIPaC-2017-winter/vime1/vime1_statue_camF.jpg\n'),(646,80,'Data/AMIPaC-2017-winter/vime1/vime1_construction_camH.jpg\n'),(647,80,'Data/AMIPaC-2017-winter/vime1/vime1_clocktower_camD-ver3.jpg\n'),(648,80,'Data/AMIPaC-2017-winter/vime1/vime1_clocktower_camJ-ver1.jpg\n'),(649,80,'Data/AMIPaC-2017-winter/vime1/vime1_blackwhite_camI-ver2.jpg\n'),(650,80,'Data/AMIPaC-2017-winter/vime1/vime1_construction_camA-ver1.jpg\n'),(651,80,'Data/AMIPaC-2017-winter/vime1/vime1_blackwhite_camH.jpg\n'),(652,80,'Data/AMIPaC-2017-winter/vime1/vime1_blackwhite_camE.jpg\n'),(653,80,'Data/AMIPaC-2017-winter/vime1/vime1_clocktower_camE-ver2.jpg\n'),(654,80,'Data/AMIPaC-2017-winter/vime1/vime1_statue_camH-ver1.jpg\n'),(655,80,'Data/AMIPaC-2017-winter/vime1/vime1_cathedral_camH.jpg\n'),(656,80,'Data/AMIPaC-2017-winter/vime1/vime1_alley_camE.jpg\n'),(657,80,'Data/AMIPaC-2017-winter/vime1/vime1_riverview_camA-ver2.jpg\n'),(658,80,'Data/AMIPaC-2017-winter/vime1/vime1_statue_camA-ver2.jpg\n'),(659,80,'Data/AMIPaC-2017-winter/vime1/vime1_blackwhite_camG.jpg\n'),(660,80,'Data/AMIPaC-2017-winter/vime1/vime1_clocktower_camJ-ver2.jpg\n'),(661,80,'Data/AMIPaC-2017-winter/vime1/vime1_riverview_camK-ver2.jpg\n'),(662,80,'Data/AMIPaC-2017-winter/vime1/vime1_cathedral_camC-ver2.jpg\n'),(663,80,'Data/AMIPaC-2017-winter/vime1/vime1_riverview_camH.jpg\n'),(664,80,'Data/AMIPaC-2017-winter/vime1/vime1_blackwhite_camA-ver2.jpg\n'),(665,80,'Data/AMIPaC-2017-winter/vime1/vime1_cathedral_camE.jpg\n'),(666,80,'Data/AMIPaC-2017-winter/vime1/vime1_construction_camC.jpg\n'),(667,80,'Data/AMIPaC-2017-winter/vime1/vime1_statue_camC-ver2.jpg\n'),(668,80,'Data/AMIPaC-2017-winter/vime1/vime1_statue_camA-ver3.jpg\n'),(669,80,'Data/AMIPaC-2017-winter/vime1/vime1_alley_camA-ver3.jpg\n'),(670,80,'Data/AMIPaC-2017-winter/vime1/vime1_alley_camJ.jpg\n'),(671,80,'Data/AMIPaC-2017-winter/vime1/vime1_clocktower_camA-ver3.jpg\n'),(672,80,'Data/AMIPaC-2017-winter/vime1/vime1_clocktower_camF-ver1.jpg\n'),(673,80,'Data/AMIPaC-2017-winter/vime1/vime1_riverview_camA-ver1.jpg\n'),(674,80,'Data/AMIPaC-2017-winter/vime1/vime1_blackwhite_camF.jpg\n'),(675,80,'Data/AMIPaC-2017-winter/vime1/vime1_alley_camG.jpg\n'),(676,80,'Data/AMIPaC-2017-winter/vime1/vime1_clocktower_camC-ver2.jpg\n'),(677,80,'Data/AMIPaC-2017-winter/vime1/vime1_riverview_camJ.jpg\n'),(678,80,'Data/AMIPaC-2017-winter/vime1/vime1_construction_camI.jpg\n'),(679,80,'Data/AMIPaC-2017-winter/vime1/vime1_blackwhite_camC.jpg\n'),(680,80,'Data/AMIPaC-2017-winter/vime1/vime1_blackwhite_camA-ver1.jpg\n'),(681,80,'Data/AMIPaC-2017-winter/vime1/vime1_clocktower_camD-ver1.jpg\n'),(682,80,'Data/AMIPaC-2017-winter/vime1/vime1_cathedral_camD-ver2.jpg\n'),(683,80,'Data/AMIPaC-2017-winter/vime1/vime1_statue_camA-ver1.jpg\n'),(684,80,'Data/AMIPaC-2017-winter/vime1/vime1_alley_camK.jpg\n'),(685,80,'Data/AMIPaC-2017-winter/vime1/vime1_construction_camJ.jpg\n'),(686,80,'Data/AMIPaC-2017-winter/vime1/vime1_construction_camB.jpg\n'),(687,80,'Data/AMIPaC-2017-winter/vime1/vime1_clocktower_camK-ver2.jpg\n'),(688,80,'Data/AMIPaC-2017-winter/vime1/vime1_blackwhite_camJ.jpg\n'),(689,80,'Data/AMIPaC-2017-winter/vime1/vime1_cathedral_camC-ver1.jpg\n'),(690,80,'Data/AMIPaC-2017-winter/vime1/vime1_alley_camB.jpg\n'),(691,80,'Data/AMIPaC-2017-winter/vime1/vime1_construction_camA-ver2.jpg\n'),(692,80,'Data/AMIPaC-2017-winter/vime1/vime1_clocktower_camK-ver1.jpg\n'),(693,80,'Data/AMIPaC-2017-winter/vime1/vime1_alley_camC-ver1.jpg\n'),(694,80,'Data/AMIPaC-2017-winter/vime1/vime1_cathedral_camG.jpg\n'),(695,80,'Data/AMIPaC-2017-winter/vime1/vime1_clocktower_camH.jpg\n'),(697,82,'Data/AMIPaC-2017-winter/ccriq2/BouquetPastel_Q_phon_13mp.jpg\n'),(698,82,'Data/AMIPaC-2017-winter/ccriq2/Senior_X_dslr_20mp.JPG\n'),(699,82,'Data/AMIPaC-2017-winter/ccriq2/BouquetPastel_X_dslr_20mp.JPG\n'),(700,82,'Data/AMIPaC-2017-winter/ccriq2/PipesNight_X_dslr_20mp.JPG\n'),(701,82,'Data/AMIPaC-2017-winter/ccriq2/PipesNight_M_phon_8mp.JPG\n'),(702,82,'Data/AMIPaC-2017-winter/ccriq2/PipeNight_L_phon_8mp.JPG\n'),(703,82,'Data/AMIPaC-2017-winter/ccriq2/PipesNight_W_compct_20mp.JPG\n'),(704,82,'Data/AMIPaC-2017-winter/ccriq2/Senior_E_compct_5mp.JPG\n'),(705,82,'Data/AMIPaC-2017-winter/ccriq2/Senior_M_phon_8mp.JPG\n'),(706,82,'Data/AMIPaC-2017-winter/ccriq2/PipesNight_E_compct_5mp.JPG\n'),(707,82,'Data/AMIPaC-2017-winter/ccriq2/PipesNight_P_compct_13mp.JPG\n'),(708,82,'Data/AMIPaC-2017-winter/ccriq2/DenverBotanicGardensRocks_F_dslr_5mp.JPG\n'),(709,82,'Data/AMIPaC-2017-winter/ccriq2/BouquetPastel_P_compct_13mp.JPG\n'),(710,82,'Data/AMIPaC-2017-winter/ccriq2/DenverBotanicGardensRocks_M_phon_8mp.JPG\n'),(711,82,'Data/AMIPaC-2017-winter/ccriq2/PipesNight_Q_phon_13mp.jpg\n'),(712,82,'Data/AMIPaC-2017-winter/ccriq2/DenverBotanicGardensRocks_A_phon_1mp.jpg\n'),(713,82,'Data/AMIPaC-2017-winter/ccriq2/PipesNight_J_tab_5mp.JPG\n'),(714,82,'Data/AMIPaC-2017-winter/ccriq2/Senior_K_dslr_8mp.JPG\n'),(715,82,'Data/AMIPaC-2017-winter/ccriq2/DenverBotanicGardensRocks_G_phon_5mp.jpg\n'),(716,82,'Data/AMIPaC-2017-winter/ccriq2/Senior_F_dslr_5mp.JPG\n'),(717,82,'Data/AMIPaC-2017-winter/ccriq2/BouquetPastel_T_compct_13mp.JPG\n'),(718,82,'Data/AMIPaC-2017-winter/ccriq2/BouquetPastel_U_dslr_13mp.JPG\n'),(719,82,'Data/AMIPaC-2017-winter/ccriq2/BouquetPastel_W_compct_20mp.JPG\n'),(720,82,'Data/AMIPaC-2017-winter/ccriq2/DenverBotanicGardensRocks_R_phon_13mp.jpg\n'),(721,82,'Data/AMIPaC-2017-winter/ccriq2/DenverBotanicGardensRocks_O_compct_8mp.JPG\n'),(722,82,'Data/AMIPaC-2017-winter/ccriq2/BouquetPastel_R_phon_13mp.jpg\n'),(723,82,'Data/AMIPaC-2017-winter/ccriq2/PipesNight_D_tab_1mp.JPG\n'),(724,82,'Data/AMIPaC-2017-winter/ccriq2/DenverBotanicGardensRocks_U_dslr_13mp.JPG\n'),(725,82,'Data/AMIPaC-2017-winter/ccriq2/BouquetPastel_H_phon_5mp.jpg\n'),(726,82,'Data/AMIPaC-2017-winter/ccriq2/BouquetPastel_D_tab_1mp.JPG\n'),(727,82,'Data/AMIPaC-2017-winter/ccriq2/PipesNight_N_phon_8mp.jpg\n'),(728,82,'Data/AMIPaC-2017-winter/ccriq2/Senior_S_phon_13mp.jpg\n'),(729,82,'Data/AMIPaC-2017-winter/ccriq2/Senior_B_compct_1mp.JPG\n'),(730,82,'Data/AMIPaC-2017-winter/ccriq2/PipesNight_H_phon_5mp.jpg\n'),(731,82,'Data/AMIPaC-2017-winter/ccriq2/BouquetPastel_N_phon_8mp.jpg\n'),(732,82,'Data/AMIPaC-2017-winter/ccriq2/DenverBotanicGardensRocks_K_dslr_8mp.JPG\n'),(733,82,'Data/AMIPaC-2017-winter/ccriq2/PipesNight_B_compct_1mp.JPG\n'),(734,82,'Data/AMIPaC-2017-winter/ccriq2/DenverBotanicGardensRocks_I_phon_5mp.jpg\n'),(735,82,'Data/AMIPaC-2017-winter/ccriq2/DenverBotanicGardensRocks_B_compct_1mp.JPG\n'),(736,82,'Data/AMIPaC-2017-winter/ccriq2/Senior_J_tab_5mp.JPG\n'),(737,82,'Data/AMIPaC-2017-winter/ccriq2/BouquetPastel_A_phon_1mp.jpg\n'),(738,82,'Data/AMIPaC-2017-winter/ccriq2/DenverBotanicGardensRocks_X_dslr_20mp.JPG\n'),(739,82,'Data/AMIPaC-2017-winter/ccriq2/Senior_A_phon_1mp.jpg\n'),(740,82,'Data/AMIPaC-2017-winter/ccriq2/Senior_Q_phon_13mp.jpg\n'),(741,82,'Data/AMIPaC-2017-winter/ccriq2/BouquetPastel_G_phon_5mp.jpg\n'),(742,82,'Data/AMIPaC-2017-winter/ccriq2/BouquetPastel_B_compct_1mp.JPG\n'),(743,82,'Data/AMIPaC-2017-winter/ccriq2/PipesNight_I_phon_5mp.jpg\n'),(744,82,'Data/AMIPaC-2017-winter/ccriq2/Senior_O_compct_8mp.JPG\n'),(745,82,'Data/AMIPaC-2017-winter/ccriq2/Senior_P_compct_13mp.JPG\n'),(746,82,'Data/AMIPaC-2017-winter/ccriq2/Senior_W_compct_20mp.JPG\n'),(747,82,'Data/AMIPaC-2017-winter/ccriq2/PipesNight_S_phon_13mp.jpg\n'),(748,82,'Data/AMIPaC-2017-winter/ccriq2/PipesNight_F_dslr_5mp.JPG\n'),(749,82,'Data/AMIPaC-2017-winter/ccriq2/DenverBotanicGardensRocks_L_phon_8mp.JPG\n'),(750,82,'Data/AMIPaC-2017-winter/ccriq2/DenverBotanicGardensRocks_P_compct_13mp.JPG\n'),(751,82,'Data/AMIPaC-2017-winter/ccriq2/BouquetPastel_F_dslr_5mp.JPG\n'),(752,82,'Data/AMIPaC-2017-winter/ccriq2/DenverBotanicGardensRocks_D_tab_1mp.JPG\n'),(753,82,'Data/AMIPaC-2017-winter/ccriq2/DenverBotanicGardensRocks_W_compct_20mp.JPG\n'),(754,82,'Data/AMIPaC-2017-winter/ccriq2/Senior_I_phon_5mp.jpg\n'),(755,82,'Data/AMIPaC-2017-winter/ccriq2/PipesNight_U_dslr_13mp.JPG\n'),(756,82,'Data/AMIPaC-2017-winter/ccriq2/DenverBotanicGardensRocks_S_phon_13mp.jpg\n'),(757,82,'Data/AMIPaC-2017-winter/ccriq2/PipesNight_T_compct_13mp.JPG\n'),(758,82,'Data/AMIPaC-2017-winter/ccriq2/Senior_H_phon_5mp.jpg\n'),(759,82,'Data/AMIPaC-2017-winter/ccriq2/Senior_U_dslr_13mp.JPG\n'),(760,82,'Data/AMIPaC-2017-winter/ccriq2/BouquetPastel_S_phon_13mp.jpg\n'),(761,82,'Data/AMIPaC-2017-winter/ccriq2/DenverBotanicGardensRocks_T_compct_13mp.JPG\n'),(762,82,'Data/AMIPaC-2017-winter/ccriq2/PipesNight_O_compct_8mp.JPG\n'),(763,82,'Data/AMIPaC-2017-winter/ccriq2/BouquetPastel_M_phon_8mp.JPG\n'),(764,82,'Data/AMIPaC-2017-winter/ccriq2/PipesNight_K_dslr_8mp.JPG\n'),(765,82,'Data/AMIPaC-2017-winter/ccriq2/Senior_N_phon_8mp.jpg\n'),(766,82,'Data/AMIPaC-2017-winter/ccriq2/Senior_D_tab_1mp.JPG\n'),(767,82,'Data/AMIPaC-2017-winter/ccriq2/DenverBotanicGardensRocks_J_tab_5mp.JPG\n'),(768,82,'Data/AMIPaC-2017-winter/ccriq2/Senior_R_phon_13mp.jpg\n'),(769,82,'Data/AMIPaC-2017-winter/ccriq2/DenverBotanicGardensRocks_H_phon_5mp.jpg\n'),(770,82,'Data/AMIPaC-2017-winter/ccriq2/PipesNight_R_phon_13mp.jpg\n'),(771,82,'Data/AMIPaC-2017-winter/ccriq2/BouquetPastel_E_compct_5mp.JPG\n'),(772,82,'Data/AMIPaC-2017-winter/ccriq2/BouquetPastel_O_compct_8mp.JPG\n'),(773,82,'Data/AMIPaC-2017-winter/ccriq2/Senior_V_phon_20mp.jpg\n'),(774,82,'Data/AMIPaC-2017-winter/ccriq2/Senior_L_phon_8mp.JPG\n'),(775,82,'Data/AMIPaC-2017-winter/ccriq2/DenverBotanicGardensRocks_N_phon_8mp.jpg\n'),(776,82,'Data/AMIPaC-2017-winter/ccriq2/Senior_T_comct_13mp.JPG\n'),(777,82,'Data/AMIPaC-2017-winter/ccriq2/PipesNight_V_phon_20mp.jpg\n'),(778,82,'Data/AMIPaC-2017-winter/ccriq2/DenverBotanicGardensRocks_Q_phon_13mp.jpg\n'),(779,82,'Data/AMIPaC-2017-winter/ccriq2/PipesNight_G_phon_5mp.jpg\n'),(780,82,'Data/AMIPaC-2017-winter/ccriq2/BouquetPastel_K_dslr_8mp.JPG\n'),(781,82,'Data/AMIPaC-2017-winter/ccriq2/BouquetPastel_L_phon_8mp.JPG\n'),(782,82,'Data/AMIPaC-2017-winter/ccriq2/PipesNight_A_phon_1mp.jpg\n'),(783,82,'Data/AMIPaC-2017-winter/ccriq2/BouquetPastel_J_tab_5mp.jpg\n'),(784,82,'Data/AMIPaC-2017-winter/ccriq2/DenverBotanicGardensRocks_E_compct_5mp.JPG\n'),(790,85,'Data/AMIPaC-2017-winter/vime1/vime1_alley_camK.jpg\n'),(791,85,'Data/AMIPaC-2017-winter/vime1/vime1_blackwhite_camA-ver2.jpg\n'),(792,85,'Data/AMIPaC-2017-winter/vime1/vime1_cathedral_camB.jpg\n'),(793,85,'Data/AMIPaC-2017-winter/vime1/vime1_clocktower_camI-ver1.jpg\n'),(794,85,'Data/AMIPaC-2017-winter/vime1/vime1_construction_camH.jpg\n'),(795,85,'Data/AMIPaC-2017-winter/vime1/vime1_riverview_camJ.jpg\n'),(796,85,'Data/AMIPaC-2017-winter/vime1/vime1_statue_camD.jpg\n'),(797,85,'Data/AMIPaC-2017-winter/ccriq2/BouquetPastel_Q_phon_13mp.jpg\n'),(798,85,'Data/AMIPaC-2017-winter/ccriq2/DenverBotanicGardensRocks_F_dslr_5mp.JPG\n'),(799,85,'Data/AMIPaC-2017-winter/ccriq2/PipesNight_D_tab_1mp.JPG\n'),(800,85,'Data/AMIPaC-2017-winter/ccriq2/Senior_E_compct_5mp.JPG\n');
/*!40000 ALTER TABLE `TESTS_FILE` ENABLE KEYS */;
UNLOCK TABLES;

--
-- Table structure for table `USER`
--

DROP TABLE IF EXISTS `USER`;
/*!40101 SET @saved_cs_client     = @@character_set_client */;
 SET character_set_client = utf8mb4 ;
CREATE TABLE `USER` (
  `ID` int(20) NOT NULL AUTO_INCREMENT,
  `NUMBER` int(20) NOT NULL,
  PRIMARY KEY (`ID`)
) ENGINE=InnoDB AUTO_INCREMENT=445 DEFAULT CHARSET=latin1;
/*!40101 SET character_set_client = @saved_cs_client */;

--
-- Dumping data for table `USER`
--

LOCK TABLES `USER` WRITE;
/*!40000 ALTER TABLE `USER` DISABLE KEYS */;
INSERT INTO `USER` VALUES (259,276593),(260,13),(261,7),(262,276517),(263,276548),(264,276606),(265,276687),(266,276660),(267,276680),(268,505515),(269,276529),(270,276665),(271,276673),(272,276668),(273,12657),(274,276652),(275,223322),(276,1234567890),(277,276693),(278,6969),(279,276650),(280,267432),(281,2),(282,276683),(283,276699),(284,2147483647),(285,32421342),(286,1234),(287,9876),(288,666),(289,6666),(290,8776),(291,100),(292,1),(293,3),(294,4),(295,5),(296,6),(297,10),(298,33),(299,44),(300,45),(301,34),(302,5001),(303,36),(304,511),(305,5002),(306,6201),(307,5401),(308,6202),(309,5801),(310,5101),(311,6203),(312,5802),(313,5003),(314,5601),(315,5402),(316,6204),(317,5403),(318,5901),(319,5301),(320,5302),(321,5303),(322,5304),(323,5803),(324,6001),(325,6002),(326,6003),(327,5804),(328,5404),(329,5805),(330,5102),(331,6205),(332,5405),(333,5406),(334,5407),(335,5408),(336,5004),(337,6206),(338,6004),(339,5409),(340,5103),(341,5410),(342,5305),(343,5602),(344,5603),(345,5604),(346,5605),(347,5606),(348,5607),(349,5608),(350,5609),(351,5610),(352,5806),(353,6210),(354,5104),(355,5807),(356,6209),(357,6208),(358,6005),(359,6101),(360,5105),(361,6102),(362,5902),(363,6103),(364,6104),(365,6105),(366,6106),(367,6107),(368,5106),(369,6108),(370,6109),(371,6110),(372,5808),(373,5107),(374,5809),(375,6501),(376,6502),(377,5108),(378,5810),(379,6503),(380,5017),(381,6504),(382,5109),(383,5110),(384,5005),(385,5306),(386,6505),(387,5006),(388,6506),(389,6507),(390,5307),(391,5308),(392,5701),(393,6508),(394,6111),(395,5007),(396,6006),(397,6007),(398,6008),(399,5008),(400,6509),(401,5009),(402,5011),(403,5010),(404,5012),(405,121),(406,6009),(407,6010),(408,6011),(409,6012),(410,17),(411,77),(412,283302),(413,123456),(414,283380),(415,12345),(416,283379),(417,276510),(418,283388),(419,276564),(420,283341),(421,279142),(422,276577),(423,276567),(424,276594),(425,1000000000),(426,283384),(427,283256),(428,276595),(429,276619),(430,283398),(431,283409),(432,276513),(433,276420),(434,283261),(435,276633),(436,283401),(437,276599),(438,283301),(439,276688),(440,283403),(441,283260),(442,283400),(443,283268),(444,6112);
/*!40000 ALTER TABLE `USER` ENABLE KEYS */;
UNLOCK TABLES;
/*!40103 SET TIME_ZONE=@OLD_TIME_ZONE */;

/*!40101 SET SQL_MODE=@OLD_SQL_MODE */;
/*!40014 SET FOREIGN_KEY_CHECKS=@OLD_FOREIGN_KEY_CHECKS */;
/*!40014 SET UNIQUE_CHECKS=@OLD_UNIQUE_CHECKS */;
/*!40101 SET CHARACTER_SET_CLIENT=@OLD_CHARACTER_SET_CLIENT */;
/*!40101 SET CHARACTER_SET_RESULTS=@OLD_CHARACTER_SET_RESULTS */;
/*!40101 SET COLLATION_CONNECTION=@OLD_COLLATION_CONNECTION */;
/*!40111 SET SQL_NOTES=@OLD_SQL_NOTES */;

-- Dump completed on 2018-12-20 17:50:16
